SequenceNumber,Age,Attrition,BusinessTravel,DailyRate,Department,DistanceFromHome,Education,EducationField,EmployeeCount,EmployeeNumber,EnvironmentSatisfaction,Gender,HourlyRate,JobInvolvement,JobLevel,JobRole,JobSatisfaction,MaritalStatus,MonthlyIncome,MonthlyRate,NumCompaniesWorked,Over18,OverTime,PercentSalaryHike,PerformanceRating,RelationshipSatisfaction,StandardHours,StockOptionLevel,TotalWorkingYears,TrainingTimesLastYear,WorkLifeBalance,YearsAtCompany,YearsInCurrentRole,YearsSinceLastPromotion,YearsWithCurrManager
0,59.0,No,Travel_Rarely,818.0,Human Resources,6.0,2,Medical,1,321,2,Male,52,3,1,Human Resources,3,Married,2267,25657,8,Y,No,17,3,4,80,0,7,2,2,2,2,2,2
1,56.0,No,Travel_Rarely,832.0,Research & Development,9.0,3,Medical,1,762,3,Male,81,3,4,Healthcare Representative,4,Married,11103,20420,7,Y,No,11,3,3,80,0,30,1,2,10,7,1,1
2,34.0,No,Non-Travel,1381.0,Sales,4.0,4,Marketing,1,523,3,Female,72,3,2,Sales Executive,3,Married,6538,12740,9,Y,No,15,3,1,80,1,6,3,3,3,2,1,2
3,37.0,No,Travel_Rarely,1107.0,Research & Development,14.0,3,Life Sciences,1,515,4,Female,95,3,1,Laboratory Technician,1,Divorced,3034,26914,1,Y,No,12,3,3,80,1,18,2,2,18,7,12,17
4,38.0,No,Travel_Rarely,157.0,Research & Development,1.0,3,Medical,1,1952,3,Male,95,3,1,Laboratory Technician,1,Single,2867,20006,0,Y,No,13,3,4,80,0,8,6,2,7,7,7,6
5,31.0,No,Travel_Rarely,1274.0,Research & Development,9.0,1,Life Sciences,1,581,3,Male,33,3,3,Manufacturing Director,2,Divorced,10648,14394,1,Y,No,25,4,4,80,1,13,6,4,13,8,0,8
6,34.0,No,Travel_Rarely,629.0,Research & Development,27.0,2,Medical,1,247,4,Female,95,3,1,Research Scientist,2,Single,2311,5711,2,Y,No,15,3,4,80,0,9,3,3,3,2,1,2
7,27.0,No,Travel_Rarely,155.0,Research & Development,4.0,3,Life Sciences,1,2064,2,Male,87,4,2,Manufacturing Director,2,Married,6142,5174,1,Y,Yes,20,4,2,80,1,6,0,3,6,2,0,3
8,46.0,Yes,Travel_Rarely,1254.0,Sales,10.0,3,Life Sciences,1,1869,3,Female,64,3,3,Sales Executive,2,Married,7314,14011,5,Y,No,21,4,3,80,3,14,2,3,8,7,0,7
9,52.0,No,Travel_Rarely,1053.0,Research & Development,1.0,2,Life Sciences,1,976,4,Male,70,3,4,Manager,4,Married,17099,13829,2,Y,No,15,3,2,80,1,26,2,2,9,8,7,8
10,32.0,No,Non-Travel,1109.0,Research & Development,29.0,4,Medical,1,1046,4,Female,69,3,1,Laboratory Technician,3,Single,4025,11135,9,Y,No,12,3,2,80,0,10,2,3,8,7,7,7
11,45.0,No,Travel_Rarely,252.0,Research & Development,2.0,3,Life Sciences,1,834,2,Female,95,2,1,Research Scientist,3,Single,2274,6153,1,Y,No,14,3,4,80,0,1,3,3,1,0,0,0
12,29.0,Yes,Travel_Rarely,121.0,Sales,27.0,3,Marketing,1,283,2,Female,35,3,3,Sales Executive,4,Married,7639,24525,1,Y,No,22,4,4,80,3,10,3,2,10,4,1,9
13,39.0,No,Travel_Rarely,466.0,Research & Development,1.0,1,Life Sciences,1,1026,4,Female,65,2,4,Manufacturing Director,4,Married,12742,7060,1,Y,No,16,3,3,80,1,21,3,3,21,6,11,8
14,29.0,Yes,Travel_Rarely,224.0,Research & Development,1.0,4,Technical Degree,1,1522,1,Male,100,2,1,Research Scientist,1,Single,2362,7568,6,Y,No,13,3,3,80,0,11,2,1,9,7,0,7
15,38.0,No,Travel_Frequently,1096.0,Research & Development,6.0,3,Other,1,1918,3,Male,61,4,1,Laboratory Technician,4,Married,2544,7102,0,Y,No,18,3,1,80,1,8,3,3,7,7,7,7
16,39.0,Yes,Non-Travel,592.0,Research & Development,2.0,3,Life Sciences,1,1458,1,Female,54,2,1,Laboratory Technician,1,Single,3646,17181,2,Y,Yes,23,4,2,80,0,11,2,4,1,0,0,0
17,32.0,No,Travel_Rarely,427.0,Research & Development,1.0,3,Medical,1,78,1,Male,33,3,2,Manufacturing Director,4,Married,6162,10877,1,Y,Yes,22,4,2,80,1,9,3,3,9,8,7,8
18,30.0,Yes,Travel_Rarely,945.0,Sales,9.0,3,Medical,1,1876,2,Male,89,3,1,Sales Representative,4,Single,1081,16019,1,Y,No,13,3,3,80,0,1,3,2,1,0,0,0
19,22.0,No,Travel_Rarely,604.0,Research & Development,6.0,1,Medical,1,675,1,Male,69,3,1,Research Scientist,3,Married,2773,12145,0,Y,No,20,4,4,80,0,3,3,3,2,2,2,2
20,41.0,No,Travel_Rarely,549.0,Research & Development,7.0,2,Medical,1,1025,4,Female,42,3,2,Manufacturing Director,3,Single,5003,23371,6,Y,No,14,3,2,80,0,8,6,3,2,2,2,1
21,38.0,Yes,Travel_Rarely,1330.0,Research & Development,21.0,3,Medical,1,1107,1,Male,37,3,1,Laboratory Technician,3,Divorced,2377,19373,1,Y,No,20,4,3,80,1,1,0,2,1,1,0,0
22,34.0,No,Travel_Frequently,1003.0,Research & Development,2.0,2,Life Sciences,1,1140,4,Male,95,3,2,Manufacturing Director,3,Single,4033,15834,2,Y,No,11,3,4,80,0,5,3,2,3,2,0,2
23,38.0,No,Travel_Rarely,185.0,Research & Development,23.0,4,Medical,1,1826,2,Male,91,1,1,Laboratory Technician,3,Married,2705,9696,0,Y,No,16,3,2,80,1,6,2,4,5,4,0,3
24,39.0,Yes,Travel_Rarely,1162.0,Sales,10.0,2,Medical,1,445,4,Female,41,3,2,Sales Executive,3,Married,5238,17778,4,Y,Yes,18,3,1,80,0,12,3,2,1,0,0,0
25,50.0,No,Travel_Frequently,809.0,Sales,12.0,3,Marketing,1,174,3,Female,77,3,3,Sales Executive,4,Single,9208,6645,4,Y,No,11,3,4,80,0,16,3,3,2,2,2,1
26,31.0,No,Travel_Rarely,828.0,Sales,2.0,1,Life Sciences,1,604,2,Male,77,3,2,Sales Executive,4,Single,6582,8346,4,Y,Yes,13,3,3,80,0,10,2,4,6,5,0,5
27,29.0,Yes,Travel_Rarely,896.0,Research & Development,18.0,1,Medical,1,315,3,Male,86,2,1,Research Scientist,4,Single,2389,14961,1,Y,Yes,13,3,3,80,0,4,3,2,4,3,0,1
28,39.0,No,Travel_Rarely,116.0,Research & Development,24.0,1,Life Sciences,1,2014,1,Male,52,3,2,Research Scientist,4,Single,4108,5340,7,Y,No,13,3,1,80,0,18,2,3,7,7,1,7
29,31.0,Yes,Non-Travel,335.0,Research & Development,9.0,2,Medical,1,991,3,Male,46,2,1,Research Scientist,1,Single,2321,10322,0,Y,Yes,22,4,1,80,0,4,0,3,3,2,1,2
30,51.0,No,Travel_Frequently,541.0,Sales,2.0,3,Marketing,1,1391,2,Male,52,3,3,Sales Executive,2,Married,10596,15395,2,Y,No,11,3,2,80,0,14,5,3,4,2,3,2
31,40.0,No,Travel_Rarely,1416.0,Research & Development,2.0,2,Medical,1,352,1,Male,49,3,5,Research Director,3,Divorced,19436,5949,0,Y,No,19,3,4,80,1,22,5,3,21,7,3,9
32,45.0,No,Non-Travel,805.0,Research & Development,4.0,2,Life Sciences,1,972,3,Male,57,3,2,Laboratory Technician,2,Married,4447,23163,1,Y,No,12,3,2,80,0,9,5,2,9,7,0,8
33,40.0,No,Travel_Rarely,118.0,Sales,14.0,2,Life Sciences,1,1598,4,Female,84,3,2,Sales Executive,1,Married,4639,11262,1,Y,No,15,3,3,80,1,5,2,3,5,4,1,2
34,55.0,No,Travel_Rarely,692.0,Research & Development,14.0,4,Medical,1,254,3,Male,61,4,5,Research Director,2,Single,18722,13339,8,Y,No,11,3,4,80,0,36,3,3,24,15,2,15
35,34.0,No,Travel_Rarely,546.0,Research & Development,10.0,3,Life Sciences,1,934,2,Male,83,3,1,Laboratory Technician,2,Divorced,2008,6896,1,Y,No,14,3,2,80,2,1,3,3,1,0,1,0
36,33.0,No,Travel_Frequently,1141.0,Sales,1.0,3,Life Sciences,1,52,3,Female,42,4,2,Sales Executive,1,Married,5376,3193,2,Y,No,19,3,1,80,2,10,3,3,5,3,1,3
37,58.0,Yes,Travel_Rarely,286.0,Research & Development,2.0,4,Life Sciences,1,825,4,Male,31,3,5,Research Director,2,Single,19246,25761,7,Y,Yes,12,3,4,80,0,40,2,3,31,15,13,8
38,38.0,No,Travel_Rarely,1206.0,Research & Development,9.0,2,Life Sciences,1,1940,2,Male,71,3,1,Research Scientist,4,Divorced,4771,14293,2,Y,No,19,3,4,80,2,10,0,4,5,2,0,3
39,38.0,No,Travel_Rarely,801.0,Sales,18.0,1,Life Sciences,1,1399,1,Male,93,4,2,Sales Executive,3,Married,6232,12477,2,Y,No,11,3,2,80,0,6,3,2,3,2,1,2
40,47.0,No,Travel_Rarely,955.0,Sales,4.0,2,Life Sciences,1,1003,4,Female,83,3,2,Sales Executive,4,Single,4163,8571,1,Y,Yes,17,3,3,80,0,9,0,3,9,0,0,7
41,30.0,No,Travel_Rarely,1138.0,Research & Development,6.0,3,Technical Degree,1,1311,1,Female,48,2,2,Laboratory Technician,4,Married,4627,23631,0,Y,No,12,3,1,80,1,10,6,3,9,2,6,7
42,48.0,No,Travel_Rarely,1224.0,Research & Development,10.0,3,Life Sciences,1,1867,4,Male,91,2,5,Research Director,2,Married,19665,13583,4,Y,No,12,3,4,80,0,29,3,3,22,10,12,9
43,41.0,No,Non-Travel,552.0,Human Resources,4.0,3,Human Resources,1,1722,3,Male,60,1,2,Human Resources,2,Married,6430,20794,6,Y,No,19,3,2,80,1,10,4,3,3,2,1,2
44,37.0,No,Travel_Rarely,367.0,Research & Development,25.0,2,Medical,1,1161,3,Female,52,2,2,Healthcare Representative,4,Divorced,5731,17171,7,Y,No,13,3,3,80,2,9,2,3,6,2,1,3
45,22.0,No,Travel_Rarely,253.0,Research & Development,11.0,3,Medical,1,511,1,Female,43,3,1,Research Scientist,2,Married,2244,24440,1,Y,No,13,3,4,80,1,2,1,3,2,1,1,2
46,29.0,No,Travel_Rarely,1378.0,Research & Development,13.0,2,Other,1,2053,4,Male,46,2,2,Laboratory Technician,2,Married,4025,23679,4,Y,Yes,13,3,1,80,1,10,2,3,4,3,0,3
47,39.0,No,Travel_Rarely,867.0,Research & Development,9.0,2,Medical,1,1936,1,Male,87,3,2,Manufacturing Director,1,Married,5151,12315,1,Y,No,25,4,4,80,1,10,3,3,10,0,7,9
48,38.0,No,Travel_Frequently,636.0,Research & Development,4.0,4,Other,1,1185,4,Male,47,2,1,Laboratory Technician,4,Married,2376,26537,1,Y,No,13,3,2,80,1,2,2,4,2,2,2,2
49,43.0,No,Travel_Frequently,1082.0,Research & Development,27.0,3,Life Sciences,1,1126,3,Female,83,3,3,Manufacturing Director,1,Married,10820,11535,8,Y,No,11,3,3,80,1,18,1,3,8,7,0,1
50,40.0,No,Travel_Rarely,759.0,Sales,2.0,2,Marketing,1,516,4,Female,46,3,2,Sales Executive,2,Divorced,5715,22553,7,Y,No,12,3,3,80,2,8,5,3,5,4,1,3
51,36.0,No,Travel_Rarely,796.0,Research & Development,12.0,5,Medical,1,1073,4,Female,51,2,3,Manufacturing Director,4,Single,8858,15669,0,Y,No,11,3,2,80,0,15,2,2,14,8,7,8
52,29.0,Yes,Travel_Frequently,337.0,Research & Development,14.0,1,Other,1,1421,3,Female,84,3,3,Healthcare Representative,4,Single,7553,22930,0,Y,Yes,12,3,1,80,0,9,1,3,8,7,7,7
53,38.0,No,Travel_Rarely,1167.0,Sales,10.0,3,Other,1,2060,4,Female,30,2,1,Sales Representative,3,Single,2966,21378,0,Y,No,18,3,4,80,0,5,2,3,4,2,0,0
54,55.0,No,Travel_Rarely,147.0,Research & Development,20.0,2,Technical Degree,1,389,2,Male,37,3,2,Laboratory Technician,4,Married,5415,15972,3,Y,Yes,19,3,4,80,1,12,4,3,10,7,0,8
55,36.0,No,Travel_Rarely,530.0,Sales,2.0,4,Life Sciences,1,1710,3,Female,51,3,2,Sales Representative,4,Single,4502,7439,3,Y,No,15,3,3,80,0,17,2,2,13,7,6,7
56,38.0,Yes,Travel_Rarely,622.0,Research & Development,14.0,4,Other,1,1010,3,Male,39,2,1,Laboratory Technician,2,Divorced,3743,10074,1,Y,Yes,24,4,4,80,1,5,2,1,4,2,0,2
57,33.0,No,Non-Travel,1313.0,Research & Development,1.0,2,Medical,1,1994,2,Male,59,2,1,Laboratory Technician,3,Divorced,2008,20439,1,Y,No,12,3,3,80,3,1,2,2,1,1,0,0
58,23.0,No,Travel_Rarely,507.0,Research & Development,20.0,1,Life Sciences,1,1533,1,Male,97,3,2,Laboratory Technician,3,Single,2272,24812,0,Y,No,14,3,2,80,0,5,2,3,4,3,1,2
59,44.0,Yes,Travel_Frequently,429.0,Research & Development,1.0,2,Medical,1,1792,3,Male,99,3,1,Research Scientist,2,Divorced,2342,11092,1,Y,Yes,12,3,3,80,3,6,2,2,5,3,2,3
60,38.0,Yes,Travel_Rarely,1475.0,Sales,13.0,2,Marketing,1,1933,4,Female,84,3,2,Sales Executive,3,Single,9854,23352,3,Y,Yes,11,3,4,80,0,6,0,3,2,0,2,2
61,39.0,No,Travel_Rarely,801.0,Research & Development,6.0,1,Medical,1,2062,4,Male,42,2,3,Healthcare Representative,1,Married,9991,21457,4,Y,No,15,3,1,80,1,9,5,3,7,7,1,7
62,36.0,Yes,Travel_Rarely,318.0,Research & Development,9.0,3,Medical,1,90,4,Male,79,2,1,Research Scientist,3,Married,3388,21777,0,Y,Yes,17,3,1,80,1,2,0,2,1,0,0,0
63,37.0,No,Travel_Frequently,663.0,Research & Development,11.0,3,Other,1,306,2,Male,47,3,3,Research Director,4,Divorced,12185,10056,1,Y,Yes,14,3,3,80,3,10,1,3,10,8,0,7
64,36.0,No,Non-Travel,1105.0,Research & Development,24.0,4,Life Sciences,1,419,2,Female,47,3,2,Laboratory Technician,2,Married,5674,6927,7,Y,No,15,3,3,80,1,11,3,3,9,8,0,8
65,50.0,No,Travel_Rarely,264.0,Sales,9.0,3,Marketing,1,1591,3,Male,59,3,5,Manager,3,Married,19331,19519,4,Y,Yes,16,3,3,80,1,27,2,3,1,0,0,0
66,22.0,Yes,Travel_Rarely,617.0,Research & Development,10.0,1,Life Sciences,1,926,2,Female,34,3,2,Manufacturing Director,3,Married,4171,10022,0,Y,Yes,19,3,1,80,1,4,3,4,3,2,0,2
67,38.0,No,Travel_Rarely,1179.0,Research & Development,19.0,4,Medical,1,1216,4,Male,78,2,1,Laboratory Technician,1,Married,3196,12449,1,Y,No,12,3,3,80,3,6,2,3,6,5,3,3
68,31.0,Yes,Travel_Frequently,703.0,Sales,2.0,3,Life Sciences,1,1379,3,Female,90,2,1,Sales Representative,4,Single,2785,11882,7,Y,No,14,3,3,80,0,3,3,4,1,0,0,0
69,55.0,No,Travel_Rarely,189.0,Human Resources,26.0,4,Human Resources,1,1973,3,Male,71,4,5,Manager,2,Married,19636,25811,4,Y,Yes,18,3,1,80,1,35,0,3,10,9,1,4
70,51.0,Yes,Travel_Frequently,1150.0,Research & Development,8.0,4,Life Sciences,1,179,1,Male,53,1,3,Manufacturing Director,4,Single,10650,25150,2,Y,No,15,3,4,80,0,18,2,3,4,2,0,3
71,32.0,No,Travel_Frequently,585.0,Research & Development,10.0,3,Life Sciences,1,1720,1,Male,56,3,1,Research Scientist,3,Married,3433,17360,6,Y,No,13,3,1,80,1,10,3,2,5,2,1,3
72,46.0,No,Travel_Rarely,1450.0,Research & Development,15.0,2,Life Sciences,1,1217,4,Male,52,3,5,Research Director,2,Married,19081,10849,5,Y,No,11,3,1,80,1,25,2,3,4,2,0,3
73,32.0,Yes,Travel_Frequently,238.0,Research & Development,10.0,2,Life Sciences,1,1939,1,Female,47,4,1,Research Scientist,3,Single,2432,15318,3,Y,Yes,14,3,1,80,0,8,2,3,4,1,0,3
74,37.0,No,Non-Travel,1252.0,Sales,19.0,2,Medical,1,904,1,Male,32,3,3,Sales Executive,2,Single,7642,4814,1,Y,Yes,13,3,4,80,0,10,2,3,10,0,0,9
75,50.0,No,Travel_Rarely,797.0,Research & Development,4.0,1,Life Sciences,1,385,1,Male,96,3,5,Research Director,2,Divorced,19144,15815,3,Y,No,14,3,1,80,2,28,4,2,10,4,1,6
76,29.0,No,Travel_Rarely,1107.0,Research & Development,28.0,4,Life Sciences,1,1120,3,Female,93,3,1,Research Scientist,4,Divorced,2514,26968,4,Y,No,22,4,1,80,1,11,1,3,7,5,1,7
77,38.0,No,Travel_Rarely,1349.0,Research & Development,23.0,3,Life Sciences,1,560,1,Female,90,3,1,Research Scientist,4,Divorced,2886,3032,1,Y,No,22,4,2,80,2,3,3,1,3,2,0,2
78,29.0,No,Travel_Rarely,657.0,Research & Development,27.0,3,Medical,1,793,2,Female,66,3,2,Healthcare Representative,3,Married,4335,25549,4,Y,No,12,3,1,80,1,11,3,2,8,7,1,1
79,53.0,No,Travel_Rarely,1070.0,Research & Development,10.0,4,Medical,1,386,3,Male,45,3,4,Research Director,3,Married,17584,21016,3,Y,Yes,16,3,4,80,3,21,5,2,5,3,1,3
80,41.0,No,Non-Travel,247.0,Research & Development,7.0,1,Life Sciences,1,1035,2,Female,55,1,5,Research Director,3,Single,19973,20284,1,Y,No,22,4,2,80,2,21,3,3,21,16,5,10
81,33.0,No,Travel_Frequently,515.0,Research & Development,1.0,2,Life Sciences,1,73,1,Female,98,3,3,Research Director,4,Single,13458,15146,1,Y,Yes,12,3,3,80,0,15,1,3,15,14,8,12
82,27.0,No,Travel_Rarely,199.0,Research & Development,6.0,3,Life Sciences,1,1162,4,Male,55,2,1,Research Scientist,3,Married,2539,7950,1,Y,No,13,3,3,80,1,4,0,3,4,2,2,2
83,33.0,No,Travel_Frequently,827.0,Research & Development,1.0,4,Other,1,998,3,Female,84,4,2,Healthcare Representative,2,Married,5488,20161,1,Y,Yes,13,3,1,80,1,6,2,3,6,5,1,2
84,29.0,No,Travel_Rarely,153.0,Research & Development,15.0,2,Life Sciences,1,15,4,Female,49,2,2,Laboratory Technician,3,Single,4193,12682,0,Y,Yes,12,3,4,80,0,10,3,3,9,5,0,8
85,43.0,No,Travel_Frequently,422.0,Research & Development,1.0,3,Life Sciences,1,902,4,Female,33,3,2,Healthcare Representative,4,Married,5562,21782,4,Y,No,13,3,2,80,1,12,2,2,5,2,2,2
86,38.0,No,Travel_Rarely,1395.0,Research & Development,9.0,4,Medical,1,2008,2,Male,48,3,2,Research Scientist,3,Single,5098,18698,1,Y,No,19,3,2,80,0,10,5,3,10,7,0,8
87,38.0,No,Travel_Rarely,662.0,Sales,1.0,5,Marketing,1,204,3,Male,94,3,3,Sales Executive,2,Married,7295,11439,1,Y,No,13,3,1,80,2,10,3,3,10,8,0,6
88,32.0,No,Travel_Rarely,128.0,Research & Development,2.0,1,Technical Degree,1,362,4,Male,84,2,2,Laboratory Technician,1,Single,2176,19737,4,Y,No,13,3,4,80,0,9,5,3,6,2,0,4
89,31.0,No,Travel_Rarely,329.0,Research & Development,1.0,2,Life Sciences,1,530,4,Male,98,2,1,Laboratory Technician,1,Married,2218,16193,1,Y,No,12,3,3,80,1,4,3,3,4,2,3,2
90,57.0,No,Travel_Rarely,405.0,Research & Development,1.0,2,Life Sciences,1,1483,2,Male,93,4,2,Research Scientist,3,Single,4900,2721,0,Y,No,24,4,1,80,1,13,2,2,12,9,2,8
91,29.0,Yes,Travel_Rarely,408.0,Research & Development,25.0,5,Technical Degree,1,565,3,Female,71,2,1,Research Scientist,2,Married,2546,18300,5,Y,No,16,3,2,80,0,6,2,4,2,2,1,1
92,22.0,No,Travel_Rarely,1230.0,Research & Development,1.0,2,Life Sciences,1,872,4,Male,33,2,2,Manufacturing Director,4,Married,4775,19146,6,Y,No,22,4,1,80,2,4,2,1,2,2,2,2
93,21.0,Yes,Travel_Rarely,1427.0,Research & Development,18.0,1,Other,1,923,4,Female,65,3,1,Research Scientist,4,Single,2693,8870,1,Y,No,19,3,1,80,0,1,3,2,1,0,0,0
94,51.0,No,Travel_Rarely,1169.0,Research & Development,7.0,4,Medical,1,211,2,Male,34,2,2,Manufacturing Director,3,Married,6132,13983,2,Y,No,17,3,3,80,0,10,2,3,1,0,0,0
95,43.0,No,Travel_Rarely,1179.0,Sales,2.0,3,Medical,1,1706,4,Male,73,3,2,Sales Executive,4,Married,7847,6069,1,Y,Yes,17,3,1,80,1,10,3,3,10,9,8,8
96,32.0,No,Travel_Rarely,1093.0,Sales,6.0,4,Medical,1,125,2,Male,87,3,2,Sales Executive,3,Single,5010,24301,1,Y,No,16,3,1,80,0,12,0,3,11,8,5,7
97,34.0,No,Travel_Rarely,1480.0,Sales,4.0,3,Life Sciences,1,1882,3,Male,64,3,3,Sales Executive,4,Married,9713,24444,2,Y,Yes,13,3,4,80,3,9,3,3,5,3,1,0
98,27.0,No,Travel_Rarely,1054.0,Research & Development,8.0,3,Medical,1,1751,3,Female,67,3,1,Research Scientist,4,Single,3445,6152,1,Y,No,11,3,3,80,0,6,5,2,6,2,1,4
99,38.0,No,Travel_Rarely,433.0,Human Resources,1.0,3,Human Resources,1,1152,3,Male,37,4,1,Human Resources,3,Married,2844,6004,1,Y,No,13,3,4,80,1,7,2,4,7,6,5,0
100,38.0,No,Travel_Rarely,801.0,Research & Development,1.0,3,Life Sciences,1,350,1,Female,62,3,2,Manufacturing Director,3,Married,4898,7505,0,Y,No,12,3,4,80,2,5,3,3,4,2,1,2
101,27.0,No,Travel_Rarely,1167.0,Research & Development,4.0,2,Life Sciences,1,1259,1,Male,76,3,1,Research Scientist,3,Divorced,2517,3208,1,Y,No,11,3,2,80,3,5,2,3,5,3,0,3
102,23.0,No,Travel_Rarely,650.0,Research & Development,9.0,1,Medical,1,758,2,Male,37,3,1,Laboratory Technician,1,Married,2500,4344,1,Y,No,14,3,4,80,1,5,2,4,4,3,0,2
103,54.0,No,Travel_Rarely,1441.0,Research & Development,17.0,3,Technical Degree,1,1013,3,Female,56,3,3,Manufacturing Director,3,Married,10739,13943,8,Y,No,11,3,3,80,1,22,2,3,10,7,0,8
104,54.0,No,Travel_Rarely,821.0,Research & Development,10.0,2,Medical,1,522,1,Male,86,3,5,Research Director,1,Married,19406,8509,4,Y,No,11,3,3,80,1,24,4,2,4,2,1,2
105,31.0,No,Travel_Frequently,1327.0,Research & Development,10.0,4,Medical,1,337,2,Male,73,3,3,Research Director,3,Divorced,13675,13523,9,Y,No,12,3,1,80,1,9,3,3,2,2,2,2
106,36.0,No,Travel_Rarely,913.0,Research & Development,9.0,2,Medical,1,699,2,Male,48,2,2,Manufacturing Director,2,Divorced,8847,13934,2,Y,Yes,11,3,3,80,1,13,2,3,3,2,0,2
107,21.0,No,Travel_Rarely,801.0,Sales,10.0,1,Medical,1,2021,3,Male,58,3,1,Sales Representative,1,Single,2380,25479,1,Y,Yes,11,3,4,80,0,2,6,3,2,2,1,2
108,39.0,No,Travel_Frequently,1218.0,Research & Development,1.0,1,Life Sciences,1,531,2,Male,52,3,5,Manager,3,Divorced,19197,8213,1,Y,Yes,14,3,3,80,1,21,3,3,21,8,1,6
109,19.0,No,Travel_Rarely,1181.0,Research & Development,10.0,1,Medical,1,201,2,Female,79,3,1,Laboratory Technician,2,Single,1483,16102,1,Y,No,14,3,4,80,0,1,3,3,1,0,0,0
110,34.0,No,Non-Travel,999.0,Research & Development,26.0,1,Technical Degree,1,1374,1,Female,92,2,1,Research Scientist,3,Divorced,2029,15891,1,Y,No,20,4,3,80,3,5,2,3,5,4,0,0
111,29.0,No,Travel_Frequently,490.0,Research & Development,10.0,3,Life Sciences,1,1143,4,Female,61,3,1,Research Scientist,2,Divorced,3291,17940,0,Y,No,14,3,4,80,2,8,2,2,7,5,1,1
112,56.0,Yes,Travel_Rarely,310.0,Research & Development,7.0,2,Technical Degree,1,2032,4,Male,72,3,1,Laboratory Technician,3,Married,2339,3666,8,Y,No,11,3,4,80,1,14,4,1,10,9,9,8
113,46.0,No,Travel_Rarely,566.0,Research & Development,7.0,2,Medical,1,1007,4,Male,75,3,3,Manufacturing Director,3,Divorced,10845,24208,6,Y,No,13,3,2,80,1,13,3,3,8,7,0,7
114,36.0,No,Travel_Rarely,1041.0,Human Resources,13.0,3,Human Resources,1,829,3,Male,36,3,1,Human Resources,2,Married,2143,25527,4,Y,No,13,3,2,80,1,8,2,3,5,2,0,4
115,38.0,No,Travel_Rarely,1361.0,Sales,17.0,4,Life Sciences,1,1218,3,Male,94,3,2,Sales Executive,1,Married,8966,21026,3,Y,Yes,15,3,4,80,3,15,2,3,7,7,1,7
116,30.0,No,Travel_Rarely,793.0,Research & Development,16.0,1,Life Sciences,1,1729,2,Male,33,3,1,Research Scientist,4,Married,2862,3811,1,Y,No,12,3,2,80,1,10,2,2,10,0,0,8
117,34.0,No,Travel_Rarely,1397.0,Research & Development,1.0,5,Life Sciences,1,683,2,Male,42,3,1,Research Scientist,4,Married,2691,7660,1,Y,No,12,3,4,80,1,10,4,2,10,9,8,8
118,40.0,No,Non-Travel,1142.0,Research & Development,8.0,2,Life Sciences,1,1552,4,Male,72,3,2,Healthcare Representative,4,Divorced,4069,8841,3,Y,Yes,18,3,3,80,0,8,2,3,2,2,2,2
119,51.0,No,Travel_Frequently,237.0,Sales,9.0,3,Life Sciences,1,1282,4,Male,83,3,5,Manager,2,Divorced,19847,19196,4,Y,Yes,24,4,1,80,1,31,5,2,29,10,11,10
120,47.0,No,Travel_Rarely,1001.0,Research & Development,4.0,3,Life Sciences,1,1827,3,Female,92,2,3,Manufacturing Director,2,Divorced,10333,19271,8,Y,Yes,12,3,3,80,1,28,4,3,22,11,14,10
121,45.0,No,Travel_Rarely,1234.0,Sales,11.0,2,Life Sciences,1,1045,4,Female,90,3,4,Manager,4,Married,17650,5404,3,Y,No,13,3,2,80,1,26,4,4,9,3,1,1
122,52.0,Yes,Travel_Rarely,1030.0,Sales,10.0,3,Life Sciences,1,1319,2,Male,64,3,3,Sales Executive,2,Single,8446,21534,9,Y,Yes,19,3,3,80,0,10,2,2,8,7,7,7
123,40.0,No,Travel_Rarely,107.0,Sales,10.0,3,Technical Degree,1,1239,2,Female,84,2,2,Sales Executive,2,Divorced,6852,11591,7,Y,No,12,3,2,80,1,7,2,4,5,1,1,3
124,38.0,No,Travel_Frequently,1199.0,Research & Development,18.0,4,Life Sciences,1,2049,3,Male,80,3,2,Healthcare Representative,3,Married,5689,24594,1,Y,Yes,14,3,4,80,2,10,2,4,10,2,0,2
125,50.0,No,Travel_Frequently,1246.0,Human Resources,10.0,3,Medical,1,644,1,Male,99,3,5,Manager,2,Married,18200,7999,1,Y,No,11,3,3,80,1,32,2,3,32,5,10,7
126,29.0,No,Travel_Rarely,738.0,Research & Development,9.0,5,Other,1,455,2,Male,30,2,1,Laboratory Technician,4,Single,3983,7621,0,Y,No,17,3,3,80,0,4,2,3,3,2,2,2
127,34.0,No,Travel_Rarely,1400.0,Sales,9.0,1,Life Sciences,1,1163,2,Female,70,3,2,Sales Executive,3,Married,5714,5829,1,Y,No,20,4,1,80,0,6,3,2,6,5,1,3
128,33.0,Yes,Travel_Rarely,211.0,Sales,16.0,3,Life Sciences,1,1758,1,Female,74,3,3,Sales Executive,1,Single,8564,10092,2,Y,Yes,20,4,3,80,0,11,2,2,0,0,0,0
129,31.0,Yes,Travel_Rarely,202.0,Research & Development,8.0,3,Life Sciences,1,1433,1,Female,34,2,1,Research Scientist,2,Single,1261,22262,1,Y,No,12,3,3,80,0,1,3,4,1,0,0,0
130,46.0,No,Travel_Frequently,638.0,Research & Development,1.0,3,Medical,1,124,3,Male,40,2,3,Healthcare Representative,1,Married,10673,3142,2,Y,Yes,13,3,3,80,1,21,5,2,10,9,9,5
131,51.0,No,Travel_Rarely,833.0,Research & Development,1.0,3,Life Sciences,1,353,3,Male,96,3,1,Research Scientist,4,Married,2723,23231,1,Y,No,11,3,2,80,0,1,0,2,1,0,0,0
132,24.0,Yes,Travel_Rarely,1448.0,Sales,1.0,1,Technical Degree,1,554,1,Female,62,3,1,Sales Representative,2,Single,3202,21972,1,Y,Yes,16,3,2,80,0,6,4,3,5,3,1,4
133,34.0,Yes,Travel_Frequently,988.0,Human Resources,23.0,3,Human Resources,1,590,2,Female,43,3,3,Human Resources,1,Divorced,9950,11533,9,Y,Yes,15,3,3,80,3,11,2,3,3,2,0,2
134,42.0,No,Travel_Rarely,691.0,Sales,8.0,4,Marketing,1,35,3,Male,48,3,2,Sales Executive,2,Married,6825,21173,0,Y,No,11,3,4,80,1,10,2,3,9,7,4,2
135,49.0,No,Travel_Rarely,1098.0,Research & Development,4.0,2,Medical,1,1256,1,Male,85,2,5,Manager,3,Married,18711,12124,2,Y,No,13,3,3,80,1,23,2,4,1,0,0,0
136,32.0,No,Travel_Rarely,634.0,Research & Development,10.0,4,Other,1,1607,2,Female,35,4,1,Research Scientist,4,Married,3312,18783,3,Y,No,17,3,4,80,2,6,3,3,3,2,0,2
137,45.0,No,Travel_Frequently,1297.0,Research & Development,1.0,4,Medical,1,1922,2,Male,44,3,2,Healthcare Representative,3,Single,5399,14511,4,Y,No,12,3,3,80,0,12,3,3,4,2,0,3
138,55.0,No,Travel_Frequently,1091.0,Research & Development,2.0,1,Life Sciences,1,1096,4,Male,65,3,3,Manufacturing Director,2,Married,10976,15813,3,Y,No,18,3,2,80,1,23,4,3,3,2,1,2
139,45.0,No,Travel_Rarely,556.0,Research & Development,25.0,2,Life Sciences,1,1888,2,Female,93,2,2,Manufacturing Director,4,Married,5906,23888,0,Y,No,13,3,4,80,2,10,2,2,9,8,3,8
140,21.0,Yes,Travel_Frequently,756.0,Sales,1.0,1,Technical Degree,1,478,1,Female,99,2,1,Sales Representative,2,Single,2174,9150,1,Y,Yes,11,3,3,80,0,3,3,3,3,2,1,2
141,45.0,No,Travel_Frequently,1199.0,Research & Development,7.0,4,Life Sciences,1,341,1,Male,77,4,2,Manufacturing Director,3,Married,6434,5118,4,Y,No,17,3,4,80,1,9,1,3,3,2,0,2
142,39.0,No,Travel_Rarely,117.0,Research & Development,10.0,1,Medical,1,429,3,Male,99,3,4,Manager,1,Married,17068,5355,1,Y,Yes,14,3,4,80,0,21,3,3,21,9,11,10
143,29.0,Yes,Travel_Rarely,992.0,Research & Development,1.0,3,Technical Degree,1,300,3,Male,85,3,1,Research Scientist,3,Single,2058,19757,0,Y,No,14,3,4,80,0,7,1,2,6,2,1,5
144,42.0,No,Travel_Frequently,1271.0,Research & Development,2.0,1,Medical,1,875,2,Male,35,3,1,Research Scientist,4,Single,2515,9068,5,Y,Yes,14,3,4,80,0,8,2,3,2,1,2,2
145,38.0,Yes,Travel_Rarely,383.0,Sales,9.0,2,Life Sciences,1,1439,1,Male,68,2,1,Sales Representative,1,Married,4400,15182,3,Y,No,12,3,1,80,0,6,2,3,3,2,2,2
146,32.0,Yes,Travel_Rarely,1089.0,Research & Development,7.0,2,Life Sciences,1,1309,4,Male,79,3,2,Laboratory Technician,3,Married,4883,22845,1,Y,No,18,3,1,80,1,10,3,3,10,4,1,1
147,29.0,No,Travel_Rarely,136.0,Research & Development,1.0,3,Life Sciences,1,1954,1,Male,89,3,2,Healthcare Representative,1,Married,5373,6225,0,Y,No,12,3,1,80,1,6,5,2,5,3,0,2
148,33.0,No,Non-Travel,530.0,Sales,16.0,3,Life Sciences,1,1681,3,Female,36,3,2,Sales Executive,4,Divorced,5368,16130,1,Y,Yes,25,4,3,80,1,7,2,3,6,5,1,2
149,55.0,No,Travel_Rarely,1136.0,Research & Development,1.0,4,Medical,1,1424,2,Male,81,4,4,Research Director,4,Divorced,14732,12414,2,Y,No,13,3,4,80,2,31,4,4,7,7,0,0
150,37.0,No,Travel_Rarely,228.0,Sales,6.0,4,Medical,1,378,3,Male,98,3,2,Sales Executive,4,Married,6502,22825,4,Y,No,14,3,2,80,1,7,5,4,5,4,0,1
151,46.0,No,Travel_Rarely,945.0,Human Resources,10.0,2,Medical,1,103,2,Male,80,3,2,Human Resources,2,Divorced,5021,10425,8,Y,Yes,22,4,4,80,1,16,2,3,4,2,0,2
152,44.0,No,Travel_Rarely,1488.0,Sales,1.0,5,Marketing,1,68,2,Female,75,3,2,Sales Executive,1,Divorced,5454,4009,5,Y,Yes,21,4,3,80,1,9,2,2,4,3,1,3
153,45.0,No,Non-Travel,248.0,Research & Development,23.0,2,Life Sciences,1,1002,4,Male,42,3,2,Laboratory Technician,1,Married,3633,14039,1,Y,Yes,15,3,3,80,1,9,2,3,9,8,0,8
154,40.0,No,Travel_Frequently,1395.0,Research & Development,26.0,3,Medical,1,202,2,Female,54,3,2,Research Scientist,2,Divorced,5605,8504,1,Y,No,11,3,1,80,1,20,2,3,20,7,2,13
155,38.0,No,Travel_Rarely,1404.0,Sales,1.0,3,Life Sciences,1,1961,1,Male,59,2,1,Sales Representative,1,Single,2858,11473,4,Y,No,14,3,1,80,0,20,3,2,1,0,0,0
156,40.0,No,Travel_Frequently,902.0,Research & Development,26.0,2,Medical,1,1180,3,Female,92,2,2,Research Scientist,4,Married,4422,21203,3,Y,Yes,13,3,4,80,1,16,3,1,1,1,0,0
157,36.0,No,Travel_Rarely,329.0,Sales,16.0,4,Marketing,1,1436,3,Female,98,2,2,Sales Executive,1,Married,5647,13494,4,Y,No,13,3,1,80,2,11,3,2,3,2,0,2
158,54.0,No,Travel_Rarely,548.0,Research & Development,8.0,4,Life Sciences,1,578,3,Female,42,3,2,Laboratory Technician,3,Single,3780,23428,7,Y,No,11,3,3,80,0,19,3,3,1,0,0,0
159,32.0,No,Travel_Rarely,1401.0,Sales,4.0,2,Life Sciences,1,330,3,Female,56,3,1,Sales Representative,2,Married,3931,20990,2,Y,No,11,3,1,80,1,6,5,3,4,3,1,2
160,33.0,No,Travel_Rarely,1069.0,Research & Development,1.0,3,Life Sciences,1,969,2,Female,42,2,2,Healthcare Representative,4,Single,6949,12291,0,Y,No,14,3,1,80,0,6,3,3,5,0,1,4
161,36.0,No,Travel_Rarely,1157.0,Sales,2.0,4,Life Sciences,1,1556,3,Male,70,3,1,Sales Representative,4,Single,2644,17001,3,Y,Yes,21,4,4,80,0,7,3,2,3,2,1,2
162,53.0,No,Travel_Rarely,1436.0,Sales,6.0,2,Marketing,1,205,2,Male,34,3,2,Sales Representative,3,Married,2306,16047,2,Y,Yes,20,4,4,80,1,13,3,1,7,7,4,5
163,18.0,Yes,Travel_Frequently,544.0,Sales,10.0,2,Medical,1,1624,2,Female,70,3,1,Sales Representative,4,Single,1569,18420,1,Y,Yes,12,3,3,80,0,0,2,4,0,0,0,0
164,42.0,No,Travel_Rarely,269.0,Research & Development,2.0,3,Medical,1,351,4,Female,56,2,1,Laboratory Technician,1,Divorced,2593,8007,0,Y,Yes,11,3,3,80,1,10,4,3,9,6,7,8
165,44.0,Yes,Travel_Rarely,621.0,Research & Development,15.0,3,Medical,1,1295,1,Female,73,3,3,Healthcare Representative,4,Married,7978,14075,1,Y,No,11,3,4,80,1,10,2,3,10,7,0,5
166,38.0,No,Travel_Rarely,755.0,Research & Development,9.0,4,Life Sciences,1,496,3,Male,97,2,2,Healthcare Representative,2,Single,6540,19394,9,Y,No,19,3,3,80,0,10,5,3,1,1,0,0
167,29.0,No,Travel_Rarely,352.0,Human Resources,6.0,1,Medical,1,1865,4,Male,87,2,1,Human Resources,2,Married,2804,15434,1,Y,No,11,3,4,80,0,1,3,3,1,0,0,0
168,29.0,Yes,Travel_Rarely,1092.0,Research & Development,1.0,4,Medical,1,2027,1,Male,36,3,1,Research Scientist,4,Married,4787,26124,9,Y,Yes,14,3,2,80,3,4,3,4,2,2,2,2
169,32.0,No,Travel_Frequently,379.0,Sales,10.0,2,Life Sciences,1,889,2,Male,48,3,2,Sales Executive,2,Married,6524,8891,1,Y,No,14,3,4,80,1,10,3,3,10,8,5,3
170,33.0,No,Travel_Frequently,508.0,Sales,10.0,3,Marketing,1,446,2,Male,46,2,2,Sales Executive,4,Single,4682,4317,3,Y,No,14,3,3,80,0,9,6,2,7,7,0,1
171,32.0,Yes,Travel_Rarely,1259.0,Research & Development,2.0,4,Life Sciences,1,1692,4,Male,95,3,1,Laboratory Technician,2,Single,1393,24852,1,Y,No,12,3,1,80,0,1,2,3,1,0,0,0
172,53.0,No,Travel_Rarely,1376.0,Sales,2.0,2,Medical,1,981,3,Male,45,3,4,Manager,3,Divorced,14852,13938,6,Y,No,13,3,3,80,1,22,3,4,17,13,15,2
173,38.0,No,Travel_Rarely,670.0,Research & Development,10.0,4,Medical,1,1587,1,Female,51,3,2,Healthcare Representative,3,Single,6142,4223,3,Y,Yes,16,3,3,80,0,10,4,3,5,2,0,4
174,40.0,No,Travel_Rarely,616.0,Research & Development,2.0,2,Life Sciences,1,1802,3,Female,99,3,1,Laboratory Technician,1,Married,3377,25605,4,Y,No,17,3,4,80,1,7,5,2,4,3,0,2
175,38.0,No,Travel_Rarely,833.0,Research & Development,18.0,3,Medical,1,1766,2,Male,60,1,2,Healthcare Representative,4,Married,5811,24539,3,Y,Yes,16,3,3,80,1,15,2,3,1,0,1,0
176,36.0,No,Travel_Rarely,1299.0,Research & Development,27.0,3,Medical,1,13,3,Male,94,3,2,Healthcare Representative,3,Married,5237,16577,6,Y,No,13,3,2,80,2,17,3,2,7,7,7,7
177,49.0,No,Travel_Rarely,722.0,Research & Development,25.0,4,Life Sciences,1,1617,3,Female,84,3,1,Laboratory Technician,1,Married,3211,22102,1,Y,No,14,3,4,80,1,10,3,2,9,6,1,4
178,43.0,No,Travel_Rarely,1034.0,Sales,16.0,3,Marketing,1,327,4,Female,80,3,4,Manager,4,Married,16064,7744,5,Y,Yes,22,4,3,80,1,22,3,3,17,13,1,9
179,37.0,No,Travel_Rarely,589.0,Sales,9.0,2,Marketing,1,1787,2,Male,46,2,2,Sales Executive,2,Married,4189,8800,1,Y,No,14,3,1,80,2,5,2,3,5,2,0,3
180,34.0,Yes,Travel_Frequently,234.0,Research & Development,9.0,4,Life Sciences,1,1807,4,Male,93,3,2,Laboratory Technician,1,Married,5346,6208,4,Y,No,17,3,3,80,1,11,3,2,7,1,0,7
181,38.0,No,Travel_Frequently,1479.0,Research & Development,1.0,3,Life Sciences,1,384,3,Female,84,3,2,Manufacturing Director,2,Divorced,6397,26767,1,Y,No,20,4,1,80,1,6,6,1,6,5,1,4
182,36.0,No,Travel_Frequently,635.0,Research & Development,18.0,1,Medical,1,286,2,Female,73,3,1,Laboratory Technician,4,Single,2153,7703,1,Y,No,13,3,1,80,0,8,2,3,8,1,1,7
183,36.0,No,Travel_Rarely,922.0,Research & Development,10.0,2,Life Sciences,1,155,1,Female,39,3,1,Laboratory Technician,4,Divorced,2835,2561,5,Y,No,22,4,1,80,1,7,2,3,1,0,0,0
184,32.0,No,Travel_Rarely,234.0,Sales,1.0,4,Medical,1,2013,2,Male,68,2,1,Sales Representative,2,Married,2269,18024,0,Y,No,14,3,2,80,1,3,2,3,2,2,2,2
185,38.0,No,Travel_Rarely,977.0,Research & Development,2.0,1,Other,1,1992,4,Male,57,3,1,Laboratory Technician,3,Divorced,3977,7298,6,Y,Yes,19,3,3,80,1,7,2,2,2,2,0,2
186,36.0,No,Non-Travel,1229.0,Sales,8.0,4,Technical Degree,1,990,1,Male,84,3,2,Sales Executive,4,Divorced,5079,25952,4,Y,No,13,3,4,80,2,12,3,3,7,7,0,7
187,38.0,No,Travel_Rarely,1029.0,Research & Development,16.0,3,Life Sciences,1,1529,4,Female,91,2,3,Healthcare Representative,2,Single,8606,21195,1,Y,No,19,3,4,80,0,11,3,1,11,8,3,3
188,36.0,No,Travel_Frequently,541.0,Sales,10.0,4,Medical,1,481,1,Male,48,2,3,Sales Executive,4,Married,9699,7246,4,Y,No,11,3,1,80,1,16,2,3,13,9,1,12
189,53.0,No,Travel_Rarely,102.0,Research & Development,23.0,4,Life Sciences,1,901,4,Female,72,3,4,Research Director,4,Single,14275,20206,6,Y,No,18,3,3,80,0,33,0,3,12,9,3,8
190,36.0,No,Travel_Rarely,1278.0,Human Resources,8.0,3,Life Sciences,1,878,1,Male,77,2,1,Human Resources,1,Married,2342,8635,0,Y,No,21,4,3,80,0,6,3,3,5,4,0,3
191,34.0,No,Travel_Rarely,628.0,Research & Development,8.0,3,Medical,1,2068,2,Male,82,4,2,Laboratory Technician,3,Married,4404,10228,2,Y,No,12,3,1,80,0,6,3,4,4,3,1,2
192,47.0,No,Travel_Rarely,1180.0,Research & Development,25.0,3,Medical,1,1993,1,Male,84,3,3,Healthcare Representative,3,Single,8633,13084,2,Y,No,23,4,2,80,0,25,3,3,17,14,12,11
193,22.0,Yes,Travel_Rarely,391.0,Research & Development,7.0,1,Life Sciences,1,1878,4,Male,75,3,1,Research Scientist,2,Single,2472,26092,1,Y,Yes,23,4,1,80,0,1,2,3,1,0,0,0
194,38.0,No,Travel_Rarely,1451.0,Research & Development,2.0,1,Life Sciences,1,1136,1,Male,67,2,1,Research Scientist,2,Married,3201,19911,0,Y,No,17,3,1,80,0,6,2,1,5,3,0,4
195,38.0,No,Travel_Rarely,168.0,Research & Development,1.0,3,Life Sciences,1,743,3,Female,81,3,3,Manufacturing Director,3,Single,7861,15397,4,Y,Yes,14,3,4,80,0,10,4,4,1,0,0,0
196,45.0,No,Travel_Rarely,801.0,Research & Development,20.0,3,Medical,1,1460,2,Male,95,1,3,Healthcare Representative,1,Divorced,10851,19863,2,Y,Yes,18,3,2,80,1,24,2,3,7,7,0,7
197,30.0,Yes,Travel_Frequently,600.0,Human Resources,8.0,3,Human Resources,1,1747,3,Female,66,2,1,Human Resources,4,Divorced,2180,9732,6,Y,No,11,3,3,80,1,6,0,2,4,2,1,2
198,36.0,No,Travel_Rarely,430.0,Research & Development,2.0,4,Other,1,1847,4,Female,73,3,2,Research Scientist,2,Married,6962,19573,4,Y,Yes,22,4,4,80,1,15,2,3,1,0,0,0
199,31.0,No,Travel_Rarely,1276.0,Research & Development,2.0,1,Medical,1,1974,4,Female,59,1,1,Laboratory Technician,4,Divorced,1129,17536,1,Y,Yes,11,3,3,80,3,1,4,3,1,0,0,0
200,34.0,Yes,Travel_Rarely,790.0,Sales,24.0,4,Medical,1,1489,1,Female,40,2,2,Sales Executive,2,Single,4599,7815,0,Y,Yes,23,4,3,80,0,16,2,4,15,9,10,10
201,38.0,No,Travel_Frequently,200.0,Research & Development,18.0,2,Life Sciences,1,1412,3,Male,60,3,3,Manufacturing Director,4,Single,9362,19944,2,Y,No,11,3,3,80,0,10,2,3,2,2,2,2
202,45.0,No,Travel_Rarely,561.0,Sales,2.0,3,Other,1,606,4,Male,61,3,2,Sales Executive,2,Married,4805,16177,0,Y,No,19,3,2,80,1,9,3,4,8,7,3,7
203,45.0,No,Travel_Rarely,1457.0,Research & Development,7.0,3,Medical,1,1195,1,Female,83,3,1,Research Scientist,3,Married,4477,20100,4,Y,Yes,19,3,3,80,1,7,2,2,3,2,0,2
204,31.0,No,Travel_Rarely,1062.0,Research & Development,24.0,3,Medical,1,1252,3,Female,96,2,2,Healthcare Representative,1,Single,6812,17198,1,Y,No,19,3,2,80,0,10,2,3,10,9,1,8
205,54.0,No,Travel_Rarely,1147.0,Sales,10.0,3,Marketing,1,303,4,Female,52,3,2,Sales Executive,1,Married,5940,17011,2,Y,No,14,3,4,80,1,16,4,3,6,2,0,5
206,40.0,No,Travel_Rarely,543.0,Research & Development,1.0,4,Life Sciences,1,2012,1,Male,83,3,1,Laboratory Technician,4,Married,2406,4060,8,Y,No,19,3,3,80,2,8,3,2,1,0,0,0
207,18.0,Yes,Travel_Frequently,1306.0,Sales,10.0,3,Marketing,1,614,2,Male,69,3,1,Sales Representative,2,Single,1878,8059,1,Y,Yes,14,3,4,80,0,0,3,3,0,0,0,0
208,42.0,No,Travel_Rarely,932.0,Research & Development,1.0,2,Life Sciences,1,827,4,Female,43,2,2,Manufacturing Director,4,Married,6062,4051,9,Y,Yes,13,3,4,80,1,8,4,3,4,3,0,2
209,20.0,Yes,Travel_Rarely,1097.0,Research & Development,11.0,3,Medical,1,1016,4,Female,98,2,1,Research Scientist,1,Single,2600,18275,1,Y,Yes,15,3,1,80,0,1,2,3,1,0,0,0
210,33.0,No,Travel_Rarely,922.0,Research & Development,1.0,5,Medical,1,612,1,Female,95,4,4,Research Director,3,Divorced,16184,22578,4,Y,No,19,3,3,80,1,10,2,3,6,1,0,5
211,19.0,Yes,Travel_Rarely,528.0,Sales,22.0,1,Marketing,1,167,4,Male,50,3,1,Sales Representative,3,Single,1675,26820,1,Y,Yes,19,3,4,80,0,0,2,2,0,0,0,0
212,43.0,No,Travel_Frequently,1001.0,Research & Development,9.0,5,Medical,1,663,4,Male,72,3,2,Laboratory Technician,3,Divorced,5679,19627,3,Y,Yes,13,3,2,80,1,10,3,3,8,7,4,7
213,30.0,No,Non-Travel,1400.0,Research & Development,10.0,3,Life Sciences,1,562,3,Male,53,3,1,Laboratory Technician,4,Married,2097,16734,4,Y,No,15,3,3,80,1,9,3,1,5,3,1,4
214,24.0,Yes,Travel_Rarely,813.0,Research & Development,1.0,3,Medical,1,45,2,Male,61,3,1,Research Scientist,4,Married,2293,3020,2,Y,Yes,16,3,1,80,1,6,2,2,2,0,2,0
215,41.0,No,Travel_Rarely,933.0,Research & Development,9.0,4,Life Sciences,1,200,3,Male,94,3,1,Laboratory Technician,1,Married,2238,6961,2,Y,No,21,4,4,80,1,7,2,3,5,0,1,4
216,29.0,No,Travel_Rarely,991.0,Sales,10.0,3,Medical,1,1669,1,Male,43,2,2,Sales Executive,2,Divorced,4187,3356,1,Y,Yes,13,3,2,80,1,10,3,2,10,0,0,9
217,45.0,No,Travel_Rarely,194.0,Research & Development,9.0,3,Life Sciences,1,206,2,Male,60,3,2,Laboratory Technician,2,Divorced,2348,10901,8,Y,No,18,3,3,80,1,20,2,1,17,9,0,15
218,43.0,No,Non-Travel,1344.0,Research & Development,7.0,3,Medical,1,262,4,Male,37,4,1,Research Scientist,4,Divorced,2089,5228,4,Y,No,14,3,4,80,3,7,3,4,5,4,2,2
219,40.0,No,Travel_Rarely,555.0,Research & Development,2.0,3,Medical,1,521,2,Female,78,2,2,Laboratory Technician,3,Married,3448,13436,6,Y,No,22,4,2,80,1,20,3,3,1,0,0,0
220,38.0,No,Travel_Frequently,664.0,Research & Development,1.0,3,Medical,1,88,2,Male,79,3,1,Research Scientist,1,Married,2194,5868,4,Y,No,13,3,4,80,1,5,2,2,3,2,1,2
221,34.0,No,Travel_Frequently,735.0,Research & Development,22.0,4,Other,1,1932,3,Male,86,2,2,Research Scientist,4,Married,5747,26496,1,Y,Yes,15,3,2,80,0,16,3,3,15,10,6,11
222,34.0,No,Travel_Rarely,1442.0,Research & Development,9.0,3,Medical,1,717,4,Female,46,2,3,Healthcare Representative,2,Single,8621,17654,1,Y,No,14,3,2,80,0,9,3,4,8,7,7,7
223,33.0,No,Travel_Rarely,654.0,Research & Development,10.0,3,Life Sciences,1,1099,4,Male,34,2,3,Healthcare Representative,4,Divorced,7119,21214,4,Y,No,15,3,3,80,1,9,2,3,3,2,1,2
224,31.0,No,Travel_Frequently,1125.0,Sales,7.0,4,Marketing,1,1833,1,Female,68,3,3,Sales Executive,1,Married,9637,8277,2,Y,No,14,3,4,80,2,9,3,3,3,2,2,2
225,38.0,No,Travel_Rarely,1349.0,Research & Development,7.0,2,Life Sciences,1,1601,3,Male,63,2,1,Laboratory Technician,4,Married,2690,7713,1,Y,No,18,3,4,80,1,1,5,2,1,0,0,1
226,38.0,No,Travel_Frequently,1189.0,Research & Development,1.0,3,Life Sciences,1,1668,4,Male,90,3,2,Research Scientist,4,Married,4735,9867,7,Y,No,15,3,4,80,2,19,4,4,13,11,2,9
227,33.0,No,Travel_Frequently,553.0,Research & Development,10.0,4,Life Sciences,1,428,4,Female,74,3,3,Manager,2,Married,11878,23364,6,Y,No,11,3,2,80,2,12,2,3,10,6,8,8
228,38.0,No,Travel_Rarely,1245.0,Sales,14.0,3,Life Sciences,1,1582,3,Male,80,3,2,Sales Executive,2,Married,9924,12355,0,Y,No,11,3,4,80,1,10,3,3,9,8,7,7
229,38.0,No,Travel_Rarely,1137.0,Research & Development,21.0,1,Life Sciences,1,942,4,Female,51,3,2,Healthcare Representative,4,Married,4014,19170,1,Y,Yes,25,4,4,80,1,10,2,1,10,6,0,7
230,44.0,No,Travel_Frequently,1193.0,Research & Development,2.0,1,Medical,1,1496,2,Male,86,3,3,Manufacturing Director,3,Single,10209,19719,5,Y,Yes,18,3,2,80,0,16,2,2,2,2,2,2
231,42.0,No,Travel_Rarely,933.0,Research & Development,29.0,3,Life Sciences,1,836,2,Male,98,3,2,Manufacturing Director,2,Married,4434,11806,1,Y,No,13,3,4,80,1,10,3,2,9,8,7,8
232,27.0,No,Non-Travel,1277.0,Research & Development,8.0,5,Life Sciences,1,1094,1,Male,87,1,1,Laboratory Technician,3,Married,4621,5869,1,Y,No,19,3,4,80,3,3,4,3,3,2,1,2
233,39.0,Yes,Travel_Rarely,360.0,Research & Development,23.0,3,Medical,1,1310,3,Male,93,3,1,Research Scientist,1,Single,3904,22154,0,Y,No,13,3,1,80,0,6,2,3,5,2,0,3
234,30.0,Yes,Travel_Frequently,448.0,Sales,12.0,4,Life Sciences,1,648,2,Male,74,2,1,Sales Representative,1,Married,2033,14470,1,Y,No,18,3,3,80,1,1,2,4,1,0,0,0
235,38.0,No,Travel_Rarely,982.0,Research & Development,1.0,4,Medical,1,1172,4,Male,58,2,1,Laboratory Technician,3,Married,2258,16340,6,Y,No,12,3,2,80,1,10,2,3,8,0,1,7
236,29.0,No,Travel_Rarely,1086.0,Research & Development,7.0,1,Medical,1,912,1,Female,62,2,1,Laboratory Technician,4,Divorced,2532,6054,6,Y,No,14,3,3,80,3,8,5,3,4,3,0,3
237,30.0,No,Travel_Rarely,911.0,Research & Development,1.0,2,Medical,1,1989,4,Male,76,3,1,Laboratory Technician,2,Married,3748,4077,1,Y,No,13,3,3,80,0,12,6,2,12,8,1,7
238,59.0,No,Travel_Rarely,142.0,Research & Development,10.0,3,Life Sciences,1,309,3,Male,70,2,1,Research Scientist,4,Married,2177,8456,3,Y,No,17,3,1,80,1,7,6,3,1,0,0,0
239,46.0,No,Travel_Rarely,706.0,Research & Development,2.0,2,Life Sciences,1,1857,4,Male,82,3,3,Manufacturing Director,4,Divorced,8578,19989,3,Y,No,14,3,3,80,1,12,4,2,9,8,4,7
240,59.0,No,Travel_Rarely,1089.0,Sales,1.0,2,Technical Degree,1,1048,2,Male,66,3,3,Manager,4,Married,11904,11038,3,Y,Yes,14,3,3,80,1,14,1,1,6,4,0,4
241,46.0,No,Travel_Frequently,1034.0,Research & Development,18.0,1,Medical,1,624,1,Female,86,3,3,Healthcare Representative,3,Married,10527,8984,5,Y,No,11,3,4,80,0,28,3,2,2,2,1,2
242,23.0,Yes,Travel_Frequently,638.0,Sales,9.0,3,Marketing,1,2023,4,Male,33,3,1,Sales Representative,1,Married,1790,26956,1,Y,No,19,3,1,80,1,1,3,2,1,0,1,0
243,38.0,No,Travel_Rarely,1017.0,Research & Development,6.0,4,Life Sciences,1,691,2,Male,82,1,2,Research Scientist,4,Single,6646,19368,1,Y,No,13,3,2,80,0,17,3,3,17,11,11,8
244,38.0,Yes,Travel_Rarely,737.0,Sales,10.0,3,Medical,1,1639,4,Male,55,2,3,Sales Executive,1,Married,10306,21530,9,Y,No,17,3,3,80,0,15,3,3,13,12,6,0
245,34.0,No,Travel_Frequently,560.0,Research & Development,1.0,4,Other,1,1431,4,Male,91,3,1,Research Scientist,1,Divorced,2996,20284,5,Y,No,14,3,3,80,2,10,2,3,4,3,1,3
246,29.0,No,Travel_Frequently,1404.0,Sales,20.0,3,Technical Degree,1,974,3,Female,84,3,1,Sales Representative,4,Married,2157,18203,1,Y,No,15,3,2,80,1,3,5,3,3,1,0,2
247,31.0,Yes,Travel_Rarely,249.0,Sales,6.0,4,Life Sciences,1,163,2,Male,76,1,2,Sales Executive,3,Married,6172,20739,4,Y,Yes,18,3,2,80,0,12,3,2,7,7,7,7
248,37.0,No,Travel_Rarely,1305.0,Research & Development,10.0,4,Life Sciences,1,518,3,Male,49,3,2,Manufacturing Director,2,Single,4197,21123,2,Y,Yes,12,3,4,80,0,18,2,2,1,0,0,1
249,58.0,No,Non-Travel,390.0,Research & Development,1.0,4,Life Sciences,1,422,4,Male,32,1,2,Healthcare Representative,3,Divorced,5660,17056,2,Y,Yes,13,3,4,80,1,12,2,3,5,3,1,2
250,20.0,Yes,Travel_Frequently,871.0,Research & Development,6.0,3,Life Sciences,1,137,4,Female,66,2,1,Laboratory Technician,4,Single,2926,19783,1,Y,Yes,18,3,2,80,0,1,5,3,1,0,1,0
251,48.0,No,Travel_Frequently,117.0,Research & Development,22.0,3,Medical,1,1900,4,Female,58,3,4,Manager,4,Divorced,17174,2437,3,Y,No,11,3,2,80,1,24,3,3,22,17,4,7
252,31.0,No,Non-Travel,697.0,Research & Development,10.0,3,Medical,1,1979,3,Female,40,3,3,Research Director,3,Married,11031,26862,4,Y,No,20,4,3,80,1,13,2,4,11,7,4,8
253,43.0,No,Travel_Rarely,574.0,Research & Development,11.0,3,Life Sciences,1,1971,1,Male,30,3,3,Healthcare Representative,3,Married,7510,16873,1,Y,No,17,3,2,80,1,10,1,3,10,9,0,9
254,50.0,No,Non-Travel,145.0,Sales,1.0,3,Life Sciences,1,1040,4,Female,95,3,2,Sales Executive,3,Married,6347,24920,0,Y,No,12,3,1,80,1,19,3,3,18,7,0,13
255,27.0,No,Travel_Rarely,1240.0,Research & Development,2.0,4,Life Sciences,1,54,4,Female,33,3,1,Laboratory Technician,1,Divorced,2341,19715,1,Y,No,13,3,4,80,1,1,6,3,1,0,0,0
256,40.0,Yes,Travel_Rarely,575.0,Sales,22.0,2,Marketing,1,492,3,Male,68,2,2,Sales Executive,3,Married,6380,6110,2,Y,Yes,12,3,1,80,2,8,6,3,6,4,1,0
257,30.0,No,Travel_Rarely,570.0,Sales,10.0,3,Marketing,1,456,4,Female,30,2,2,Sales Executive,3,Divorced,6118,5431,1,Y,No,13,3,3,80,3,10,2,3,10,9,1,2
258,32.0,No,Travel_Rarely,604.0,Sales,8.0,3,Medical,1,1304,3,Male,56,4,2,Sales Executive,4,Married,6209,11693,1,Y,No,15,3,3,80,2,10,4,4,10,7,0,8
259,36.0,No,Travel_Frequently,884.0,Research & Development,23.0,2,Medical,1,2061,3,Male,41,4,2,Laboratory Technician,4,Married,2571,12290,4,Y,No,17,3,3,80,1,17,3,3,5,2,0,3
260,55.0,No,Travel_Rarely,1117.0,Sales,18.0,5,Life Sciences,1,597,1,Female,83,3,4,Manager,2,Single,16835,9873,3,Y,No,23,4,4,80,0,37,2,3,10,9,7,7
261,44.0,No,Travel_Rarely,136.0,Research & Development,28.0,3,Life Sciences,1,1523,4,Male,32,3,4,Research Director,1,Married,16328,22074,3,Y,No,13,3,3,80,1,24,1,4,20,6,14,17
262,53.0,No,Travel_Rarely,1219.0,Sales,2.0,4,Life Sciences,1,23,1,Female,78,2,4,Manager,4,Married,15427,22021,2,Y,No,16,3,3,80,0,31,3,3,25,8,3,7
263,36.0,No,Travel_Rarely,938.0,Research & Development,2.0,4,Medical,1,958,3,Male,79,3,1,Laboratory Technician,3,Single,2519,12287,4,Y,No,21,4,3,80,0,16,6,3,11,8,3,9
264,41.0,No,Travel_Rarely,1283.0,Research & Development,10.0,5,Medical,1,1448,2,Male,90,4,1,Research Scientist,3,Married,2127,5561,2,Y,Yes,12,3,1,80,0,7,5,2,4,2,0,3
265,29.0,No,Travel_Frequently,806.0,Research & Development,1.0,4,Life Sciences,1,710,2,Male,76,1,1,Research Scientist,4,Divorced,2720,18959,1,Y,No,18,3,4,80,1,10,5,3,10,7,2,8
266,38.0,No,Travel_Rarely,1276.0,Research & Development,16.0,3,Life Sciences,1,586,4,Male,72,3,3,Healthcare Representative,3,Married,7632,14295,4,Y,Yes,12,3,3,80,0,10,2,3,8,7,0,0
267,56.0,No,Travel_Frequently,1240.0,Research & Development,9.0,3,Medical,1,1071,1,Female,63,3,1,Research Scientist,3,Married,2942,12154,2,Y,No,19,3,2,80,1,18,4,3,5,4,0,3
268,38.0,Yes,Travel_Rarely,1485.0,Research & Development,12.0,1,Life Sciences,1,1175,3,Female,79,3,1,Laboratory Technician,4,Married,2515,22955,1,Y,Yes,11,3,4,80,0,1,4,2,1,1,0,0
269,42.0,No,Travel_Rarely,635.0,Sales,1.0,1,Life Sciences,1,387,2,Male,99,3,2,Sales Executive,3,Married,4907,24532,1,Y,No,25,4,3,80,0,20,3,3,20,16,11,6
270,43.0,No,Travel_Rarely,801.0,Research & Development,6.0,3,Medical,1,1866,1,Female,81,2,5,Manager,3,Married,19392,22539,7,Y,No,13,3,4,80,0,21,2,3,16,12,6,14
271,52.0,No,Travel_Rarely,1490.0,Research & Development,4.0,2,Life Sciences,1,546,4,Female,30,3,4,Manager,4,Married,16555,10310,2,Y,No,13,3,4,80,0,31,2,1,5,2,1,4
272,50.0,No,Travel_Frequently,333.0,Research & Development,22.0,5,Medical,1,1539,3,Male,88,1,4,Research Director,4,Single,14411,24450,1,Y,Yes,13,3,4,80,0,32,2,3,32,6,13,9
273,38.0,Yes,Travel_Rarely,1404.0,Research & Development,17.0,3,Technical Degree,1,1960,3,Male,32,2,1,Laboratory Technician,4,Divorced,2367,18779,5,Y,No,12,3,1,80,1,6,2,2,4,1,0,3
274,42.0,No,Travel_Rarely,622.0,Research & Development,2.0,4,Life Sciences,1,659,3,Female,81,3,2,Healthcare Representative,4,Married,4089,5718,1,Y,No,13,3,2,80,2,10,4,3,10,2,2,2
275,54.0,No,Travel_Rarely,584.0,Research & Development,22.0,5,Medical,1,1665,2,Female,91,3,4,Manager,3,Married,17426,18685,3,Y,No,25,4,3,80,1,36,6,3,10,8,4,7
276,32.0,No,Travel_Rarely,588.0,Sales,8.0,2,Technical Degree,1,436,3,Female,65,2,2,Sales Executive,2,Married,5228,24624,1,Y,Yes,11,3,4,80,0,13,2,3,13,12,11,9
277,21.0,No,Non-Travel,895.0,Sales,9.0,2,Medical,1,484,1,Male,39,3,1,Sales Representative,4,Single,2610,2851,1,Y,No,24,4,3,80,0,3,3,2,3,2,2,2
278,45.0,No,Travel_Rarely,1329.0,Research & Development,2.0,2,Other,1,1635,4,Female,59,2,2,Manufacturing Director,4,Divorced,5770,5388,1,Y,No,19,3,1,80,2,10,3,3,10,7,3,9
279,56.0,No,Travel_Rarely,206.0,Human Resources,8.0,4,Life Sciences,1,1338,4,Male,99,3,5,Manager,2,Single,19717,4022,6,Y,No,14,3,1,80,0,36,4,3,7,3,7,7
280,29.0,No,Travel_Rarely,468.0,Research & Development,28.0,4,Medical,1,2054,4,Female,73,2,1,Research Scientist,1,Single,3785,8489,1,Y,No,14,3,2,80,0,5,3,1,5,4,0,4
281,55.0,No,Non-Travel,177.0,Research & Development,8.0,1,Medical,1,1278,4,Male,37,2,4,Healthcare Representative,2,Divorced,13577,25592,1,Y,Yes,15,3,4,80,1,34,3,3,33,9,15,0
282,38.0,No,Travel_Rarely,821.0,Sales,10.0,4,Medical,1,916,1,Male,98,3,2,Sales Executive,4,Single,4908,24252,1,Y,No,14,3,2,80,0,4,3,3,4,2,0,2
283,38.0,No,Travel_Rarely,736.0,Sales,26.0,3,Life Sciences,1,1387,3,Male,48,2,2,Sales Executive,1,Married,4724,24232,1,Y,No,11,3,3,80,1,5,0,3,5,3,0,4
284,42.0,No,Travel_Rarely,419.0,Sales,12.0,4,Marketing,1,1943,2,Male,77,3,2,Sales Executive,4,Divorced,5087,2900,3,Y,Yes,12,3,3,80,2,14,4,3,0,0,0,0
285,39.0,No,Travel_Rarely,1253.0,Research & Development,10.0,1,Medical,1,1800,3,Male,65,3,3,Research Director,3,Single,13464,7914,7,Y,No,21,4,3,80,0,9,3,3,4,3,2,2
286,53.0,No,Travel_Rarely,1395.0,Research & Development,24.0,4,Medical,1,1689,2,Male,48,4,3,Healthcare Representative,4,Married,7005,3458,3,Y,No,15,3,3,80,0,11,2,3,4,3,1,2
287,33.0,No,Travel_Rarely,267.0,Research & Development,21.0,3,Medical,1,1698,2,Male,79,4,1,Laboratory Technician,2,Married,2028,13637,1,Y,No,18,3,4,80,3,14,6,3,14,11,2,13
288,46.0,No,Travel_Rarely,406.0,Sales,10.0,1,Marketing,1,1124,1,Male,52,3,4,Manager,3,Married,17465,15596,3,Y,No,12,3,4,80,1,23,3,3,12,9,4,9
289,38.0,No,Travel_Rarely,538.0,Research & Development,25.0,2,Other,1,652,1,Male,54,2,2,Laboratory Technician,4,Single,3681,14004,4,Y,No,14,3,4,80,0,9,3,3,3,2,0,2
290,53.0,No,Travel_Rarely,868.0,Sales,8.0,3,Marketing,1,897,1,Male,73,3,4,Sales Executive,4,Married,11836,22789,5,Y,No,14,3,3,80,1,28,3,3,2,0,2,2
291,38.0,Yes,Travel_Frequently,289.0,Research & Development,2.0,2,Medical,1,1504,3,Male,38,2,1,Laboratory Technician,1,Single,2561,5355,7,Y,No,11,3,3,80,0,8,2,2,0,0,0,0
292,38.0,No,Travel_Rarely,760.0,Sales,2.0,4,Marketing,1,846,2,Female,81,3,2,Sales Executive,2,Married,4779,3698,1,Y,Yes,20,4,1,80,0,8,2,3,8,7,7,5
293,22.0,Yes,Travel_Frequently,1256.0,Research & Development,10.0,4,Life Sciences,1,1203,3,Male,48,2,1,Research Scientist,4,Married,2853,4223,0,Y,Yes,11,3,2,80,1,1,5,3,0,0,0,0
294,32.0,No,Non-Travel,976.0,Sales,26.0,4,Marketing,1,333,3,Male,100,3,2,Sales Executive,4,Married,4465,12069,0,Y,No,18,3,1,80,0,4,2,3,3,2,2,2
295,27.0,No,Travel_Frequently,793.0,Sales,2.0,1,Life Sciences,1,1371,4,Male,43,1,2,Sales Executive,4,Single,5071,20392,3,Y,No,20,4,2,80,0,8,3,3,6,2,0,0
296,53.0,No,Travel_Rarely,238.0,Sales,1.0,1,Medical,1,682,4,Female,34,3,2,Sales Executive,1,Single,8381,7507,7,Y,No,20,4,4,80,0,18,2,4,14,7,8,10
297,34.0,No,Travel_Rarely,182.0,Research & Development,1.0,4,Life Sciences,1,797,2,Female,72,4,1,Research Scientist,4,Single,3280,13551,2,Y,No,16,3,3,80,0,10,2,3,4,2,1,3
298,34.0,No,Non-Travel,1375.0,Sales,10.0,3,Life Sciences,1,1774,4,Male,87,3,2,Sales Executive,3,Divorced,4001,12313,1,Y,Yes,14,3,3,80,1,15,3,3,15,14,0,7
299,37.0,No,Travel_Rarely,571.0,Research & Development,10.0,1,Life Sciences,1,802,4,Female,82,3,1,Research Scientist,1,Divorced,2782,19905,0,Y,Yes,13,3,2,80,2,6,3,2,5,3,4,3
300,48.0,No,Travel_Rarely,530.0,Sales,29.0,1,Medical,1,473,1,Female,91,3,3,Manager,3,Married,12504,23978,3,Y,No,21,4,2,80,1,15,3,1,0,0,0,0
301,27.0,No,Travel_Frequently,1410.0,Sales,10.0,1,Medical,1,714,4,Female,71,4,2,Sales Executive,4,Divorced,4647,16673,1,Y,Yes,20,4,2,80,2,6,3,3,6,5,0,4
302,20.0,No,Travel_Rarely,959.0,Research & Development,1.0,3,Life Sciences,1,657,4,Female,83,2,1,Research Scientist,2,Single,2836,11757,1,Y,No,13,3,4,80,0,1,0,4,1,0,0,0
303,32.0,No,Travel_Frequently,689.0,Sales,9.0,2,Medical,1,195,4,Male,35,1,2,Sales Executive,4,Divorced,4668,22812,0,Y,No,17,3,4,80,3,9,2,4,8,7,0,7
304,21.0,No,Travel_Rarely,546.0,Research & Development,10.0,1,Medical,1,1623,3,Male,97,3,1,Research Scientist,4,Single,3117,26009,1,Y,No,18,3,3,80,0,3,2,3,2,2,2,2
305,38.0,No,Travel_Rarely,528.0,Human Resources,8.0,4,Technical Degree,1,1164,3,Male,100,3,1,Human Resources,3,Single,4323,7108,1,Y,No,17,3,2,80,0,6,2,1,5,4,1,4
306,27.0,No,Travel_Rarely,1377.0,Sales,2.0,3,Life Sciences,1,437,4,Male,74,3,2,Sales Executive,3,Single,4478,5242,1,Y,Yes,11,3,1,80,0,5,3,3,5,4,0,4
307,30.0,No,Travel_Rarely,801.0,Sales,27.0,5,Marketing,1,747,3,Male,99,3,2,Sales Executive,4,Divorced,5304,25275,7,Y,No,23,4,4,80,1,10,2,2,8,7,7,7
308,41.0,No,Non-Travel,509.0,Research & Development,2.0,4,Other,1,616,1,Female,62,2,2,Healthcare Representative,3,Single,6811,2112,2,Y,Yes,17,3,1,80,0,10,3,3,8,7,0,7
309,18.0,No,Non-Travel,1124.0,Research & Development,1.0,3,Life Sciences,1,1368,4,Female,97,3,1,Laboratory Technician,4,Single,1611,19305,1,Y,No,15,3,3,80,0,0,5,4,0,0,0,0
310,39.0,Yes,Travel_Rarely,895.0,Sales,10.0,3,Technical Degree,1,42,4,Male,56,3,2,Sales Representative,4,Married,2086,3335,3,Y,No,14,3,3,80,1,19,6,4,1,0,0,0
311,36.0,No,Travel_Frequently,1467.0,Sales,11.0,2,Technical Degree,1,154,2,Female,92,3,3,Sales Executive,4,Married,9738,22952,0,Y,No,14,3,3,80,1,10,6,3,9,7,2,8
312,56.0,Yes,Travel_Rarely,1162.0,Research & Development,24.0,2,Life Sciences,1,1907,1,Male,97,3,1,Laboratory Technician,4,Single,2587,10261,1,Y,No,16,3,4,80,0,5,3,3,4,2,1,0
313,34.0,No,Travel_Rarely,829.0,Human Resources,10.0,2,Human Resources,1,847,3,Male,88,3,1,Human Resources,4,Married,3737,2243,0,Y,No,19,3,3,80,1,4,1,1,3,2,0,2
314,52.0,No,Travel_Rarely,994.0,Research & Development,7.0,4,Life Sciences,1,1118,2,Male,87,3,3,Healthcare Representative,2,Single,10445,15322,7,Y,No,19,3,4,80,0,18,4,3,8,6,4,0
315,53.0,No,Travel_Rarely,447.0,Research & Development,2.0,3,Medical,1,1472,4,Male,39,4,4,Research Director,2,Single,16598,19764,4,Y,No,12,3,2,80,0,35,2,2,9,8,8,8
316,37.0,No,Travel_Rarely,801.0,Human Resources,8.0,2,Other,1,1794,3,Male,89,3,2,Human Resources,2,Divorced,4071,12832,2,Y,No,13,3,3,80,0,19,4,2,10,0,4,7
317,40.0,No,Travel_Frequently,580.0,Sales,10.0,4,Life Sciences,1,729,4,Male,48,2,3,Sales Executive,1,Married,10475,23772,5,Y,Yes,21,4,3,80,1,20,2,3,18,13,1,12
318,46.0,No,Travel_Rarely,717.0,Research & Development,13.0,4,Life Sciences,1,1727,3,Male,34,3,2,Healthcare Representative,2,Single,5562,9697,6,Y,No,14,3,4,80,0,19,3,3,10,7,0,9
319,46.0,No,Non-Travel,849.0,Sales,26.0,2,Life Sciences,1,1801,2,Male,98,2,2,Sales Executive,2,Single,7991,25166,8,Y,No,15,3,3,80,0,6,3,3,2,2,2,2
320,29.0,No,Travel_Rarely,590.0,Research & Development,4.0,3,Technical Degree,1,1762,4,Female,91,2,1,Research Scientist,1,Divorced,2109,10007,1,Y,No,13,3,3,80,1,1,2,3,1,0,0,0
321,36.0,No,Travel_Rarely,164.0,Sales,2.0,2,Medical,1,513,2,Male,61,2,3,Sales Executive,3,Married,7596,3809,1,Y,No,13,3,2,80,2,10,2,3,10,9,9,0
322,30.0,No,Travel_Rarely,1240.0,Human Resources,9.0,3,Human Resources,1,184,3,Male,48,3,2,Human Resources,4,Married,6347,13982,0,Y,Yes,19,3,4,80,0,12,2,1,11,9,4,7
323,50.0,Yes,Travel_Rarely,869.0,Sales,10.0,2,Marketing,1,47,1,Male,86,2,1,Sales Representative,3,Married,2683,3810,1,Y,Yes,14,3,3,80,0,3,2,3,3,2,0,2
324,43.0,No,Non-Travel,343.0,Research & Development,9.0,3,Life Sciences,1,1813,1,Male,52,3,1,Research Scientist,3,Single,2438,24978,4,Y,No,13,3,3,80,0,7,2,2,3,2,1,2
325,43.0,Yes,Travel_Frequently,807.0,Research & Development,17.0,3,Technical Degree,1,1767,3,Male,38,2,1,Research Scientist,3,Married,2437,15587,9,Y,Yes,16,3,4,80,1,6,4,3,1,0,0,0
326,36.0,Yes,Travel_Rarely,1218.0,Sales,9.0,4,Life Sciences,1,27,3,Male,82,2,1,Sales Representative,1,Single,3407,6986,7,Y,No,23,4,2,80,0,10,4,3,5,3,0,3
327,24.0,No,Non-Travel,830.0,Sales,13.0,2,Life Sciences,1,1495,4,Female,78,3,1,Sales Representative,2,Married,2033,7103,1,Y,No,13,3,3,80,1,1,2,3,1,0,0,0
328,27.0,No,Travel_Frequently,1297.0,Research & Development,10.0,2,Life Sciences,1,1850,4,Female,53,3,1,Laboratory Technician,4,Single,2379,19826,0,Y,Yes,14,3,3,80,0,6,3,2,5,4,0,2
329,38.0,No,Travel_Rarely,683.0,Research & Development,2.0,1,Medical,1,1407,1,Male,36,2,1,Research Scientist,4,Single,3904,4050,0,Y,No,12,3,4,80,0,5,2,3,4,3,1,1
330,59.0,No,Travel_Rarely,1429.0,Research & Development,18.0,4,Medical,1,1283,4,Male,67,3,3,Manufacturing Director,4,Single,10512,20002,6,Y,No,12,3,4,80,0,25,6,2,9,7,5,4
331,38.0,Yes,Travel_Frequently,1496.0,Sales,1.0,3,Technical Degree,1,1486,1,Male,92,3,1,Sales Representative,3,Married,2909,15747,3,Y,No,15,3,4,80,1,5,3,4,3,2,1,2
332,27.0,No,Travel_Rarely,1220.0,Research & Development,10.0,3,Life Sciences,1,434,3,Female,85,3,1,Research Scientist,2,Single,2478,20938,1,Y,Yes,12,3,2,80,0,4,2,2,4,3,1,2
333,43.0,No,Travel_Frequently,313.0,Research & Development,21.0,3,Medical,1,525,4,Male,61,3,1,Laboratory Technician,4,Married,2258,15238,7,Y,No,20,4,1,80,1,8,1,3,3,2,1,2
334,37.0,Yes,Travel_Rarely,1373.0,Research & Development,2.0,2,Other,1,4,4,Male,92,2,1,Laboratory Technician,3,Single,2090,2396,6,Y,Yes,15,3,2,80,0,7,3,3,0,0,0,0
335,45.0,Yes,Travel_Frequently,306.0,Sales,26.0,4,Life Sciences,1,684,1,Female,100,3,2,Sales Executive,1,Married,4286,5630,2,Y,No,14,3,4,80,2,5,4,3,1,1,0,0
336,43.0,No,Travel_Frequently,185.0,Research & Development,10.0,4,Life Sciences,1,430,3,Female,33,3,1,Laboratory Technician,4,Single,2455,10675,0,Y,No,19,3,1,80,0,9,5,3,8,7,1,7
337,20.0,Yes,Travel_Rarely,1362.0,Research & Development,10.0,1,Medical,1,701,4,Male,32,3,1,Research Scientist,3,Single,1009,26999,1,Y,Yes,11,3,4,80,0,1,5,3,1,0,1,1
338,23.0,No,Travel_Rarely,1309.0,Research & Development,26.0,1,Life Sciences,1,465,3,Male,83,3,1,Research Scientist,4,Divorced,2904,16092,1,Y,No,12,3,3,80,2,4,2,2,4,2,0,2
339,47.0,No,Travel_Frequently,1309.0,Sales,4.0,1,Medical,1,467,2,Male,99,3,2,Sales Representative,3,Single,2976,25751,3,Y,No,19,3,1,80,0,5,3,3,0,0,0,0
340,37.0,Yes,Travel_Rarely,801.0,Research & Development,10.0,4,Medical,1,1809,4,Male,58,3,2,Manufacturing Director,1,Single,4213,4992,1,Y,No,15,3,2,80,0,10,4,1,10,3,0,8
341,38.0,No,Travel_Rarely,330.0,Research & Development,17.0,1,Life Sciences,1,1088,3,Female,65,2,3,Healthcare Representative,3,Married,8823,24608,0,Y,No,18,3,1,80,1,20,4,2,19,9,1,9
342,42.0,No,Travel_Rarely,1147.0,Human Resources,10.0,3,Human Resources,1,1408,3,Female,31,3,4,Manager,1,Married,16799,16616,0,Y,No,14,3,3,80,1,21,5,3,20,7,0,9
343,38.0,No,Travel_Rarely,195.0,Sales,1.0,3,Medical,1,620,1,Female,80,3,2,Sales Executive,3,Single,4859,6698,1,Y,No,16,3,4,80,0,5,3,3,5,4,0,3
344,27.0,No,Travel_Rarely,1055.0,Research & Development,2.0,4,Life Sciences,1,1027,1,Female,47,3,2,Manufacturing Director,4,Married,4227,4658,0,Y,No,18,3,2,80,1,4,2,3,3,2,2,2
345,31.0,Yes,Travel_Rarely,330.0,Research & Development,22.0,4,Medical,1,1389,4,Male,98,3,2,Manufacturing Director,3,Married,6179,21057,1,Y,Yes,15,3,4,80,2,10,3,2,10,2,6,7
346,23.0,Yes,Travel_Rarely,1320.0,Research & Development,8.0,1,Medical,1,1684,4,Male,93,2,1,Laboratory Technician,3,Single,3989,20586,1,Y,Yes,11,3,1,80,0,5,2,3,5,4,1,2
347,46.0,No,Travel_Rarely,228.0,Sales,10.0,3,Life Sciences,1,1527,3,Female,51,3,4,Manager,2,Married,16606,11380,8,Y,No,12,3,4,80,1,23,2,4,13,12,5,1
348,38.0,No,Non-Travel,1336.0,Human Resources,2.0,3,Human Resources,1,1805,1,Male,100,3,1,Human Resources,2,Divorced,2592,7129,5,Y,No,13,3,4,80,3,13,3,3,11,10,3,8
349,42.0,No,Travel_Rarely,810.0,Research & Development,23.0,5,Life Sciences,1,468,1,Female,44,3,4,Research Director,4,Single,15992,15901,2,Y,No,14,3,2,80,0,16,2,3,1,0,0,0
350,40.0,No,Non-Travel,1094.0,Sales,28.0,3,Other,1,615,3,Male,58,1,3,Sales Executive,1,Divorced,10932,11373,3,Y,No,15,3,3,80,1,20,2,3,1,0,0,1
351,38.0,Yes,Non-Travel,265.0,Sales,29.0,2,Medical,1,1037,2,Male,79,1,2,Sales Executive,1,Single,4969,21813,8,Y,No,18,3,4,80,0,7,6,3,2,2,2,2
352,34.0,No,Travel_Rarely,511.0,Sales,10.0,2,Life Sciences,1,1779,4,Female,32,1,2,Sales Executive,4,Single,6029,25353,5,Y,No,12,3,1,80,0,6,3,3,2,2,2,2
353,38.0,No,Travel_Frequently,1283.0,Sales,1.0,3,Medical,1,956,3,Male,52,2,2,Sales Executive,1,Single,4294,11148,1,Y,No,12,3,2,80,0,7,2,3,7,7,0,7
354,27.0,No,Travel_Rarely,1134.0,Research & Development,16.0,4,Technical Degree,1,1001,3,Female,37,3,1,Laboratory Technician,2,Married,2811,12086,9,Y,No,14,3,2,80,1,4,2,3,2,2,2,2
355,24.0,No,Non-Travel,1269.0,Research & Development,4.0,1,Life Sciences,1,888,1,Male,46,2,1,Laboratory Technician,4,Married,3162,10778,0,Y,No,17,3,4,80,0,6,2,2,5,2,3,4
356,38.0,No,Travel_Rarely,440.0,Research & Development,21.0,3,Medical,1,221,3,Male,42,3,1,Research Scientist,4,Married,2713,6672,1,Y,No,11,3,3,80,1,5,2,1,5,2,0,2
357,48.0,No,Travel_Rarely,1236.0,Research & Development,1.0,4,Life Sciences,1,664,4,Female,40,2,4,Manager,1,Married,15402,17997,7,Y,No,11,3,1,80,1,21,3,1,3,2,0,2
358,43.0,No,Travel_Rarely,1273.0,Research & Development,2.0,2,Medical,1,46,4,Female,72,4,1,Research Scientist,3,Divorced,2645,21923,1,Y,No,12,3,4,80,2,6,3,2,5,3,1,4
359,32.0,No,Travel_Rarely,646.0,Research & Development,9.0,4,Life Sciences,1,679,1,Female,92,3,2,Research Scientist,4,Married,6322,18089,1,Y,Yes,12,3,4,80,1,6,2,2,6,4,0,5
360,39.0,No,Travel_Rarely,412.0,Research & Development,13.0,4,Medical,1,1307,3,Female,94,2,4,Manager,2,Divorced,17123,17334,6,Y,Yes,13,3,4,80,2,21,4,3,19,9,15,2
361,43.0,No,Travel_Frequently,559.0,Research & Development,10.0,4,Life Sciences,1,448,3,Female,82,2,2,Laboratory Technician,3,Divorced,5257,6227,1,Y,No,11,3,2,80,1,9,3,4,9,7,0,0
362,38.0,No,Travel_Rarely,243.0,Sales,7.0,4,Marketing,1,709,4,Female,46,2,2,Sales Executive,4,Single,4028,7791,0,Y,No,20,4,1,80,0,8,2,3,7,7,0,5
363,38.0,No,Travel_Rarely,583.0,Sales,4.0,1,Marketing,1,885,3,Male,87,2,2,Sales Executive,1,Married,4256,18154,1,Y,No,12,3,1,80,0,5,1,4,5,2,0,3
364,38.0,No,Travel_Rarely,949.0,Research & Development,1.0,3,Technical Degree,1,1415,1,Male,81,3,1,Laboratory Technician,4,Married,3229,4910,4,Y,No,11,3,2,80,1,7,2,2,3,2,0,2
365,33.0,No,Travel_Frequently,1392.0,Research & Development,10.0,4,Life Sciences,1,5,4,Female,56,3,1,Research Scientist,3,Married,2909,23159,1,Y,Yes,11,3,3,80,0,8,3,3,8,7,3,0
366,58.0,Yes,Travel_Rarely,601.0,Research & Development,7.0,4,Medical,1,1360,3,Female,53,2,3,Manufacturing Director,1,Married,10008,12023,7,Y,Yes,14,3,4,80,0,31,0,2,10,9,5,9
367,39.0,No,Travel_Frequently,945.0,Research & Development,22.0,3,Medical,1,1043,4,Female,82,3,3,Manufacturing Director,1,Single,10880,5083,1,Y,Yes,13,3,3,80,0,21,2,3,21,6,2,8
368,37.0,No,Travel_Rarely,921.0,Research & Development,10.0,3,Medical,1,486,3,Female,98,3,1,Laboratory Technician,1,Married,3452,17663,6,Y,No,20,4,2,80,1,17,3,3,5,4,0,3
369,38.0,No,Travel_Rarely,1158.0,Research & Development,9.0,3,Medical,1,377,4,Male,94,3,1,Research Scientist,4,Married,2070,2613,1,Y,No,23,4,4,80,1,5,3,2,5,2,0,4
370,45.0,No,Travel_Rarely,974.0,Research & Development,1.0,4,Medical,1,996,4,Female,91,3,1,Laboratory Technician,4,Divorced,2270,11005,3,Y,No,14,3,4,80,2,8,2,3,5,3,0,2
371,40.0,No,Travel_Frequently,1184.0,Sales,2.0,4,Medical,1,1212,2,Male,62,3,2,Sales Executive,2,Married,4327,25440,5,Y,No,12,3,4,80,3,5,2,3,0,0,0,0
372,27.0,No,Travel_Rarely,801.0,Research & Development,9.0,3,Medical,1,260,4,Female,99,3,1,Research Scientist,2,Single,2279,11781,1,Y,No,16,3,4,80,0,7,2,2,7,7,0,3
373,24.0,No,Travel_Rarely,1206.0,Research & Development,17.0,1,Medical,1,1009,4,Female,41,2,2,Manufacturing Director,3,Divorced,4377,24117,1,Y,No,15,3,2,80,2,5,6,3,4,2,3,2
374,32.0,No,Travel_Rarely,267.0,Research & Development,29.0,4,Life Sciences,1,2010,3,Female,49,2,1,Laboratory Technician,2,Single,2837,15919,1,Y,No,13,3,3,80,0,6,3,3,6,2,4,1
375,49.0,No,Travel_Frequently,636.0,Research & Development,10.0,4,Life Sciences,1,396,3,Female,35,3,5,Research Director,1,Single,18665,25594,9,Y,Yes,11,3,4,80,0,22,4,3,3,2,1,2
376,38.0,No,Travel_Rarely,849.0,Research & Development,25.0,2,Life Sciences,1,421,1,Female,81,2,3,Research Director,2,Married,12061,26707,3,Y,No,17,3,3,80,1,19,2,3,10,8,0,1
377,45.0,No,Travel_Frequently,1249.0,Research & Development,7.0,3,Life Sciences,1,425,1,Male,97,3,3,Laboratory Technician,1,Divorced,5210,20308,1,Y,No,18,3,1,80,1,24,2,3,24,9,9,11
378,27.0,No,Travel_Frequently,591.0,Research & Development,2.0,3,Medical,1,1648,4,Male,87,3,1,Research Scientist,4,Single,2580,6297,2,Y,No,13,3,3,80,0,6,0,2,4,2,1,2
379,38.0,No,Travel_Rarely,991.0,Research & Development,6.0,3,Life Sciences,1,686,3,Female,71,3,1,Laboratory Technician,4,Married,2659,17759,1,Y,Yes,13,3,3,80,1,3,2,3,3,2,0,2
380,38.0,No,Travel_Rarely,583.0,Research & Development,4.0,2,Life Sciences,1,1275,3,Male,53,3,1,Research Scientist,4,Single,2875,9973,1,Y,Yes,20,4,2,80,0,8,2,2,8,5,2,2
381,36.0,No,Travel_Frequently,688.0,Research & Development,4.0,2,Life Sciences,1,2025,4,Female,97,3,2,Manufacturing Director,2,Divorced,5131,9192,7,Y,No,13,3,2,80,3,18,3,3,4,2,0,2
382,36.0,No,Travel_Rarely,172.0,Research & Development,4.0,4,Life Sciences,1,1435,1,Male,37,2,2,Laboratory Technician,4,Single,5810,22604,1,Y,No,16,3,3,80,0,10,2,2,10,4,1,8
383,31.0,Yes,Travel_Rarely,1079.0,Sales,16.0,4,Marketing,1,1761,1,Male,70,3,3,Sales Executive,3,Married,8161,19002,2,Y,No,13,3,1,80,3,10,2,3,1,0,0,0
384,42.0,Yes,Travel_Frequently,481.0,Sales,12.0,3,Life Sciences,1,1167,3,Male,44,3,4,Sales Executive,1,Single,13758,2447,0,Y,Yes,12,3,2,80,0,22,2,2,21,9,13,14
385,36.0,No,Travel_Rarely,1266.0,Sales,10.0,4,Technical Degree,1,1880,2,Female,63,2,2,Sales Executive,3,Married,5673,6060,1,Y,Yes,13,3,1,80,1,10,4,3,10,9,1,7
386,36.0,Yes,Travel_Rarely,660.0,Research & Development,15.0,3,Other,1,1052,1,Male,81,3,2,Laboratory Technician,3,Divorced,4834,7858,7,Y,No,14,3,2,80,1,9,3,2,1,0,0,0
387,32.0,Yes,Travel_Rarely,374.0,Research & Development,25.0,4,Life Sciences,1,911,1,Male,87,3,1,Laboratory Technician,4,Single,2795,18016,1,Y,Yes,24,4,3,80,0,1,2,1,1,0,0,1
388,30.0,No,Travel_Rarely,852.0,Research & Development,1.0,1,Life Sciences,1,104,4,Male,55,2,2,Laboratory Technician,4,Married,5126,15998,1,Y,Yes,12,3,3,80,2,10,1,2,10,8,3,0
389,50.0,No,Travel_Rarely,328.0,Research & Development,1.0,3,Medical,1,249,3,Male,86,2,1,Laboratory Technician,3,Married,3690,3425,2,Y,No,15,3,4,80,1,5,2,2,3,2,0,2
390,27.0,No,Travel_Frequently,829.0,Sales,8.0,1,Marketing,1,800,3,Male,84,3,2,Sales Executive,4,Married,4342,24008,0,Y,No,19,3,2,80,1,5,3,3,4,2,1,1
391,44.0,No,Travel_Rarely,1313.0,Research & Development,7.0,3,Medical,1,1608,2,Female,31,3,5,Research Director,4,Divorced,19049,3549,0,Y,Yes,14,3,4,80,1,23,4,2,22,7,1,10
392,32.0,No,Non-Travel,862.0,Sales,2.0,1,Life Sciences,1,1190,3,Female,76,3,1,Sales Representative,1,Divorced,2827,14947,1,Y,No,12,3,3,80,3,1,3,3,1,0,0,0
393,33.0,Yes,Travel_Rarely,587.0,Research & Development,10.0,1,Medical,1,584,1,Male,38,1,1,Laboratory Technician,4,Divorced,3408,6705,7,Y,No,13,3,1,80,3,8,2,3,4,3,1,3
394,41.0,No,Travel_Rarely,802.0,Sales,9.0,1,Life Sciences,1,176,3,Male,96,3,3,Sales Executive,3,Divorced,8189,21196,3,Y,Yes,13,3,3,80,1,12,2,3,9,7,0,7
395,31.0,No,Travel_Frequently,853.0,Research & Development,1.0,1,Life Sciences,1,1011,3,Female,96,3,2,Manufacturing Director,1,Married,4148,11275,1,Y,No,12,3,3,80,1,4,1,3,4,3,0,3
396,31.0,No,Travel_Rarely,1082.0,Research & Development,1.0,4,Medical,1,95,3,Male,87,3,1,Research Scientist,2,Single,2501,18775,1,Y,No,17,3,2,80,0,1,4,3,1,1,1,0
397,34.0,No,Travel_Frequently,618.0,Research & Development,10.0,1,Life Sciences,1,1103,1,Male,45,3,2,Healthcare Representative,4,Single,7756,22266,0,Y,No,17,3,3,80,0,7,1,2,6,2,0,4
398,31.0,Yes,Travel_Rarely,359.0,Human Resources,18.0,5,Human Resources,1,1842,4,Male,89,4,1,Human Resources,1,Married,2956,21495,0,Y,No,17,3,3,80,0,2,4,3,1,0,0,0
399,39.0,No,Non-Travel,1251.0,Sales,21.0,4,Life Sciences,1,1929,1,Female,32,1,2,Sales Executive,3,Married,5736,3987,6,Y,No,19,3,3,80,1,10,1,3,3,2,1,2
400,36.0,No,Travel_Rarely,311.0,Research & Development,7.0,3,Life Sciences,1,1659,1,Male,77,3,1,Laboratory Technician,2,Single,2013,10950,2,Y,No,11,3,3,80,0,15,4,3,4,3,1,3
401,31.0,No,Travel_Rarely,1154.0,Sales,2.0,2,Life Sciences,1,1996,1,Male,54,3,1,Sales Representative,3,Married,3067,6393,0,Y,No,19,3,3,80,1,3,1,3,2,2,1,2
402,52.0,No,Non-Travel,585.0,Sales,29.0,4,Life Sciences,1,2019,1,Male,40,3,1,Sales Representative,4,Divorced,3482,19788,2,Y,No,15,3,2,80,2,16,3,2,9,8,0,0
403,27.0,No,Travel_Rarely,608.0,Research & Development,1.0,2,Life Sciences,1,725,3,Female,68,3,3,Manufacturing Director,1,Married,7412,6009,1,Y,No,11,3,4,80,0,9,3,3,9,7,0,7
404,38.0,No,Travel_Rarely,750.0,Research & Development,28.0,3,Life Sciences,1,1596,2,Male,46,4,2,Laboratory Technician,3,Married,3407,25348,1,Y,No,17,3,4,80,2,10,3,2,10,9,6,8
405,48.0,No,Travel_Rarely,817.0,Sales,2.0,1,Marketing,1,712,2,Male,56,4,2,Sales Executive,2,Married,8120,18597,3,Y,No,12,3,4,80,0,12,3,3,2,2,2,2
406,38.0,No,Travel_Rarely,1300.0,Research & Development,17.0,2,Medical,1,536,3,Male,79,3,2,Laboratory Technician,1,Divorced,4558,13535,1,Y,No,12,3,4,80,1,10,2,3,10,0,1,8
407,46.0,No,Travel_Rarely,150.0,Research & Development,2.0,4,Technical Degree,1,1228,4,Male,60,3,2,Manufacturing Director,4,Divorced,7379,17433,2,Y,No,11,3,3,80,1,12,3,2,6,3,1,4
408,38.0,No,Travel_Rarely,1172.0,Sales,10.0,3,Medical,1,1875,2,Female,78,3,1,Sales Representative,2,Married,2856,3692,1,Y,No,19,3,4,80,1,1,3,3,1,0,0,0
409,36.0,No,Non-Travel,217.0,Research & Development,18.0,4,Life Sciences,1,1133,1,Male,78,3,2,Manufacturing Director,4,Single,7779,23238,2,Y,No,20,4,1,80,0,18,0,3,11,9,0,9
410,32.0,No,Travel_Frequently,116.0,Research & Development,13.0,3,Other,1,1234,3,Female,77,2,1,Laboratory Technician,2,Married,2743,7331,1,Y,No,20,4,3,80,1,2,2,3,2,2,2,2
411,31.0,No,Travel_Rarely,196.0,Sales,29.0,4,Marketing,1,1784,1,Female,91,2,2,Sales Executive,4,Married,5468,13402,1,Y,No,14,3,1,80,2,13,3,3,12,7,5,7
412,21.0,No,Travel_Rarely,1343.0,Sales,22.0,1,Technical Degree,1,669,3,Male,49,3,1,Sales Representative,3,Single,3447,24444,1,Y,No,11,3,3,80,0,3,2,3,3,2,1,2
413,45.0,No,Travel_Rarely,954.0,Sales,2.0,2,Technical Degree,1,783,2,Male,46,1,2,Sales Representative,3,Single,6632,12388,0,Y,No,13,3,1,80,0,9,3,3,8,7,3,1
414,20.0,No,Travel_Rarely,805.0,Research & Development,10.0,3,Life Sciences,1,1198,1,Male,87,2,1,Laboratory Technician,3,Single,3033,12828,1,Y,No,12,3,1,80,0,2,2,2,2,2,1,2
415,41.0,No,Travel_Frequently,1200.0,Research & Development,22.0,3,Life Sciences,1,1392,4,Female,75,3,2,Research Scientist,4,Divorced,5467,13953,3,Y,Yes,14,3,1,80,2,12,4,2,6,2,3,3
416,34.0,Yes,Non-Travel,967.0,Research & Development,16.0,4,Technical Degree,1,1905,4,Male,85,1,1,Research Scientist,1,Married,2307,14460,1,Y,Yes,23,4,2,80,1,5,2,3,5,2,3,0
417,38.0,No,Travel_Rarely,819.0,Research & Development,18.0,5,Life Sciences,1,1621,2,Male,48,4,2,Research Scientist,1,Married,5208,26312,1,Y,No,11,3,4,80,0,16,2,3,16,15,1,10
418,38.0,No,Non-Travel,1097.0,Research & Development,11.0,2,Medical,1,70,3,Male,79,2,3,Healthcare Representative,1,Married,9884,8302,2,Y,Yes,13,3,3,80,1,10,3,3,4,0,2,3
419,50.0,No,Travel_Rarely,813.0,Research & Development,17.0,5,Life Sciences,1,1656,4,Female,50,2,3,Research Director,1,Divorced,13269,21981,5,Y,No,15,3,3,80,3,19,3,3,14,11,1,11
420,30.0,No,Non-Travel,879.0,Research & Development,9.0,2,Medical,1,1298,3,Female,72,3,2,Manufacturing Director,3,Single,4695,12858,7,Y,Yes,18,3,3,80,0,10,3,3,8,4,1,7
421,52.0,Yes,Travel_Rarely,723.0,Research & Development,8.0,4,Medical,1,433,3,Male,85,2,2,Research Scientist,2,Married,4941,17747,2,Y,No,15,3,1,80,0,11,3,2,8,2,7,7
422,30.0,Yes,Travel_Rarely,1005.0,Research & Development,10.0,3,Technical Degree,1,297,4,Female,88,3,1,Research Scientist,1,Single,2657,8556,5,Y,Yes,11,3,3,80,0,8,5,3,5,2,0,4
423,55.0,Yes,Travel_Rarely,436.0,Sales,2.0,1,Medical,1,842,3,Male,37,3,2,Sales Executive,4,Single,5160,21519,4,Y,No,16,3,3,80,0,12,3,2,9,7,7,3
424,29.0,Yes,Travel_Rarely,801.0,Research & Development,10.0,3,Life Sciences,1,994,4,Female,92,2,1,Research Scientist,1,Single,2404,11479,6,Y,Yes,20,4,3,80,0,3,5,3,0,0,0,0
425,51.0,No,Travel_Frequently,1456.0,Research & Development,1.0,4,Medical,1,145,1,Female,30,2,3,Healthcare Representative,1,Single,7484,25796,3,Y,No,20,4,3,80,0,23,1,2,13,12,12,8
426,42.0,No,Non-Travel,495.0,Research & Development,2.0,1,Life Sciences,1,1334,3,Male,37,3,4,Manager,3,Married,17861,26582,0,Y,Yes,13,3,4,80,0,21,3,2,20,8,2,10
427,41.0,No,Travel_Frequently,1018.0,Sales,1.0,3,Marketing,1,1349,3,Female,66,3,2,Sales Executive,1,Divorced,4103,4297,0,Y,No,17,3,4,80,1,10,2,3,9,3,1,7
428,22.0,Yes,Travel_Frequently,1368.0,Research & Development,4.0,1,Technical Degree,1,593,3,Male,99,2,1,Laboratory Technician,3,Single,3894,9129,5,Y,No,16,3,3,80,0,4,3,3,2,2,1,2
429,38.0,No,Travel_Frequently,216.0,Research & Development,23.0,3,Life Sciences,1,12,4,Male,44,2,3,Manufacturing Director,3,Single,9526,8787,0,Y,No,21,4,2,80,0,10,2,3,9,7,1,8
430,40.0,Yes,Travel_Rarely,676.0,Research & Development,9.0,4,Life Sciences,1,1534,4,Male,86,3,1,Laboratory Technician,1,Single,2018,21831,3,Y,No,14,3,2,80,0,15,3,1,5,4,1,0
431,37.0,No,Travel_Rarely,1017.0,Research & Development,1.0,2,Medical,1,340,3,Female,83,2,1,Research Scientist,1,Married,3920,18697,2,Y,No,14,3,1,80,1,17,2,2,3,1,0,2
432,38.0,No,Travel_Rarely,1224.0,Sales,7.0,4,Life Sciences,1,1962,3,Female,55,3,2,Sales Executive,4,Married,5204,13586,1,Y,Yes,11,3,4,80,0,10,2,3,10,8,0,9
433,41.0,No,Non-Travel,267.0,Sales,10.0,2,Life Sciences,1,599,4,Male,56,3,2,Sales Executive,4,Single,6230,13430,7,Y,No,14,3,4,80,0,16,3,3,14,3,1,10
434,36.0,No,Travel_Rarely,132.0,Research & Development,6.0,3,Life Sciences,1,97,2,Female,55,4,1,Laboratory Technician,4,Married,3038,22002,3,Y,No,12,3,2,80,0,5,3,3,1,0,0,0
435,38.0,No,Travel_Rarely,1219.0,Sales,18.0,3,Medical,1,975,3,Female,86,3,2,Sales Executive,3,Married,4601,6179,1,Y,No,16,3,2,80,0,5,3,3,5,2,1,0
436,30.0,No,Travel_Rarely,1334.0,Sales,4.0,2,Medical,1,121,3,Female,63,2,2,Sales Executive,2,Divorced,5209,19760,1,Y,Yes,12,3,2,80,3,11,4,2,11,8,2,7
437,31.0,No,Travel_Frequently,1125.0,Research & Development,1.0,3,Life Sciences,1,1956,4,Male,48,1,2,Research Scientist,1,Married,5003,5771,1,Y,No,21,4,2,80,0,10,6,3,10,8,8,7
438,38.0,No,Non-Travel,675.0,Research & Development,10.0,2,Life Sciences,1,369,2,Male,85,4,2,Healthcare Representative,1,Divorced,4000,18384,1,Y,No,12,3,4,80,2,6,2,3,6,3,1,5
439,32.0,No,Travel_Rarely,1018.0,Research & Development,10.0,2,Life Sciences,1,727,3,Female,39,3,3,Research Director,4,Single,11159,19373,3,Y,No,15,3,4,80,0,10,6,3,7,7,7,7
440,34.0,No,Travel_Rarely,801.0,Sales,13.0,4,Medical,1,1951,4,Male,39,3,3,Sales Executive,3,Divorced,8628,22914,1,Y,No,18,3,3,80,1,9,2,2,8,7,1,1
441,41.0,Yes,Travel_Rarely,1356.0,Sales,20.0,2,Marketing,1,248,2,Female,70,3,1,Sales Representative,2,Single,3140,21728,1,Y,Yes,22,4,4,80,0,4,5,2,4,3,0,2
442,27.0,No,Travel_Rarely,1354.0,Research & Development,2.0,4,Technical Degree,1,1931,2,Male,41,3,1,Research Scientist,2,Married,2226,6073,1,Y,No,11,3,3,80,1,6,3,2,5,3,1,2
443,38.0,No,Travel_Rarely,343.0,Research & Development,15.0,2,Life Sciences,1,461,3,Male,92,2,3,Research Director,4,Divorced,11510,15682,0,Y,Yes,14,3,2,80,1,12,3,3,11,10,2,9
444,41.0,No,Travel_Rarely,1276.0,Sales,2.0,5,Life Sciences,1,625,2,Female,91,3,4,Manager,1,Married,16595,5626,7,Y,No,16,3,2,80,1,22,2,3,18,16,11,8
445,30.0,Yes,Travel_Frequently,109.0,Research & Development,10.0,3,Medical,1,1017,2,Female,60,3,1,Laboratory Technician,2,Single,2422,25725,0,Y,No,17,3,1,80,0,4,3,3,3,2,1,2
446,34.0,No,Travel_Rarely,479.0,Research & Development,7.0,4,Medical,1,1577,1,Male,35,3,1,Research Scientist,4,Single,2972,22061,1,Y,No,13,3,3,80,0,1,4,1,1,0,0,0
447,45.0,No,Non-Travel,1050.0,Sales,9.0,4,Life Sciences,1,1117,2,Female,65,2,2,Sales Executive,3,Married,5593,17970,1,Y,No,13,3,4,80,1,15,2,3,15,10,4,12
448,41.0,Yes,Travel_Rarely,1360.0,Research & Development,12.0,3,Technical Degree,1,58,2,Female,49,3,5,Research Director,3,Married,19545,16280,1,Y,No,12,3,4,80,0,23,0,3,22,15,15,8
449,33.0,No,Travel_Rarely,147.0,Human Resources,2.0,3,Human Resources,1,1207,2,Male,99,3,1,Human Resources,3,Married,3600,8429,1,Y,No,13,3,4,80,1,5,2,3,5,4,1,4
450,27.0,No,Travel_Rarely,728.0,Sales,23.0,1,Medical,1,1864,2,Female,36,2,2,Sales Representative,3,Married,3540,7018,1,Y,No,21,4,4,80,1,9,5,3,9,8,5,8
451,53.0,Yes,Travel_Rarely,1168.0,Sales,24.0,4,Life Sciences,1,1968,1,Male,66,3,3,Sales Executive,1,Single,10448,5843,6,Y,Yes,13,3,2,80,0,15,2,2,2,2,2,2
452,24.0,No,Travel_Frequently,535.0,Sales,24.0,3,Medical,1,632,4,Male,38,3,1,Sales Representative,4,Married,2400,5530,0,Y,No,13,3,3,80,2,3,3,3,2,2,2,1
453,38.0,No,Travel_Rarely,1321.0,Sales,1.0,4,Life Sciences,1,1995,4,Male,86,3,2,Sales Executive,2,Married,4440,7636,0,Y,No,15,3,1,80,2,16,3,3,15,13,5,8
454,22.0,No,Non-Travel,457.0,Research & Development,26.0,2,Other,1,1605,2,Female,85,2,1,Research Scientist,3,Married,2814,10293,1,Y,Yes,14,3,2,80,0,4,2,2,4,2,1,3
455,29.0,No,Travel_Frequently,410.0,Research & Development,2.0,1,Life Sciences,1,1513,4,Female,97,3,1,Laboratory Technician,2,Married,3180,4668,0,Y,No,13,3,3,80,3,4,3,3,3,2,0,2
456,22.0,No,Non-Travel,1123.0,Research & Development,16.0,2,Medical,1,22,4,Male,96,4,1,Laboratory Technician,4,Divorced,2935,7324,1,Y,Yes,13,3,2,80,2,1,2,2,1,0,0,0
457,24.0,No,Travel_Rarely,691.0,Research & Development,23.0,3,Medical,1,639,2,Male,89,4,1,Research Scientist,4,Married,2725,21630,1,Y,Yes,11,3,2,80,2,6,3,3,6,5,1,4
458,34.0,No,Travel_Rarely,678.0,Research & Development,19.0,3,Life Sciences,1,1701,2,Female,35,2,1,Research Scientist,4,Married,2929,20338,1,Y,No,12,3,2,80,0,10,3,3,10,9,8,7
459,38.0,Yes,Travel_Rarely,950.0,Sales,4.0,4,Marketing,1,401,4,Male,48,2,2,Sales Executive,4,Single,5828,8450,1,Y,Yes,12,3,2,80,0,8,0,3,8,7,7,4
460,38.0,No,Travel_Rarely,801.0,Sales,1.0,3,Marketing,1,600,2,Male,85,3,2,Sales Executive,3,Married,4717,18659,9,Y,No,11,3,3,80,0,15,2,3,11,9,6,9
461,20.0,No,Travel_Rarely,654.0,Sales,21.0,3,Marketing,1,1226,3,Male,43,4,1,Sales Representative,4,Single,2678,5050,1,Y,No,17,3,4,80,0,2,2,3,2,1,2,2
462,33.0,No,Travel_Rarely,392.0,Sales,2.0,4,Medical,1,1670,4,Male,93,3,2,Sales Executive,4,Divorced,5505,3921,1,Y,No,14,3,3,80,2,6,5,3,6,2,0,4
463,48.0,No,Travel_Rarely,163.0,Sales,2.0,5,Marketing,1,595,2,Female,37,3,2,Sales Executive,4,Married,4051,19658,2,Y,No,14,3,1,80,1,14,2,3,9,7,6,7
464,29.0,No,Travel_Rarely,1090.0,Sales,10.0,3,Marketing,1,766,4,Male,83,3,1,Sales Representative,2,Divorced,2297,17967,1,Y,No,14,3,4,80,2,2,2,3,2,2,2,2
465,41.0,No,Travel_Rarely,509.0,Research & Development,7.0,2,Technical Degree,1,1085,2,Female,43,4,1,Research Scientist,3,Married,3376,18863,1,Y,No,13,3,3,80,0,10,3,3,10,6,0,8
466,32.0,No,Travel_Frequently,1311.0,Research & Development,7.0,3,Life Sciences,1,359,2,Male,100,4,1,Laboratory Technician,2,Married,2794,26062,1,Y,No,20,4,3,80,0,5,3,1,5,1,0,3
467,36.0,No,Travel_Frequently,1195.0,Research & Development,11.0,3,Life Sciences,1,85,2,Male,95,2,2,Manufacturing Director,2,Single,6499,22656,1,Y,No,13,3,3,80,0,6,3,3,6,5,0,3
468,52.0,No,Travel_Rarely,258.0,Research & Development,8.0,4,Other,1,1409,3,Female,54,3,1,Laboratory Technician,1,Married,2950,17363,9,Y,No,13,3,3,80,0,12,2,1,5,4,0,4
469,44.0,No,Travel_Rarely,661.0,Research & Development,9.0,2,Life Sciences,1,913,2,Male,61,3,1,Research Scientist,1,Married,2559,7508,1,Y,Yes,13,3,4,80,0,8,0,3,8,7,7,1
470,39.0,No,Travel_Frequently,672.0,Research & Development,7.0,2,Medical,1,444,3,Male,54,2,5,Manager,4,Married,19272,21141,1,Y,No,15,3,1,80,1,21,2,3,21,9,13,3
471,38.0,Yes,Travel_Rarely,329.0,Research & Development,24.0,3,Medical,1,1604,3,Male,51,3,1,Laboratory Technician,2,Married,2408,7324,1,Y,Yes,17,3,3,80,3,1,3,3,1,1,0,0
472,33.0,No,Travel_Rarely,575.0,Research & Development,25.0,3,Life Sciences,1,1545,4,Male,44,2,2,Manufacturing Director,2,Single,4320,24152,1,Y,No,13,3,4,80,0,5,2,3,5,3,0,2
473,42.0,No,Travel_Frequently,1474.0,Research & Development,10.0,2,Other,1,591,2,Male,97,3,1,Laboratory Technician,3,Married,2093,9260,4,Y,No,17,3,4,80,1,8,4,3,2,2,2,0
474,31.0,No,Travel_Rarely,616.0,Research & Development,12.0,3,Medical,1,961,4,Female,41,3,2,Healthcare Representative,4,Married,5855,17369,0,Y,Yes,11,3,3,80,2,10,2,1,9,7,8,5
475,29.0,No,Travel_Rarely,1328.0,Research & Development,2.0,3,Life Sciences,1,94,3,Male,76,3,1,Research Scientist,2,Married,2703,4956,0,Y,No,23,4,4,80,1,6,3,3,5,4,0,4
476,34.0,No,Travel_Frequently,669.0,Research & Development,1.0,3,Medical,1,1184,4,Male,97,2,2,Healthcare Representative,1,Single,5343,25755,0,Y,No,20,4,3,80,0,14,3,3,13,9,4,9
477,38.0,No,Travel_Rarely,119.0,Sales,10.0,3,Life Sciences,1,307,1,Male,76,3,3,Sales Executive,3,Divorced,10609,9647,0,Y,No,12,3,3,80,2,17,6,2,16,10,5,13
478,38.0,No,Travel_Frequently,148.0,Research & Development,2.0,3,Medical,1,1675,4,Female,42,2,1,Laboratory Technician,2,Single,2440,23826,1,Y,No,22,4,2,80,0,4,3,3,4,3,3,3
479,38.0,No,Travel_Rarely,201.0,Research & Development,10.0,3,Medical,1,2015,2,Female,99,1,3,Research Director,3,Married,13206,3376,3,Y,No,12,3,1,80,1,20,3,3,18,16,1,11
480,23.0,No,Travel_Rarely,160.0,Research & Development,4.0,1,Medical,1,1735,3,Female,51,3,1,Laboratory Technician,2,Single,3295,12862,1,Y,No,13,3,3,80,0,3,3,1,3,2,1,2
481,27.0,No,Travel_Rarely,486.0,Research & Development,8.0,3,Medical,1,1647,2,Female,86,4,1,Research Scientist,3,Married,3517,22490,7,Y,No,17,3,1,80,0,5,0,3,3,2,0,2
482,51.0,No,Travel_Rarely,313.0,Research & Development,10.0,3,Medical,1,258,4,Female,98,3,4,Healthcare Representative,2,Single,13734,7192,3,Y,No,18,3,3,80,0,21,6,3,7,7,1,0
483,38.0,No,Travel_Rarely,219.0,Research & Development,16.0,2,Other,1,1886,4,Female,44,2,2,Manufacturing Director,2,Married,4788,25388,0,Y,Yes,11,3,4,80,0,4,2,3,3,2,0,2
484,19.0,Yes,Travel_Rarely,419.0,Sales,21.0,3,Other,1,959,4,Male,37,2,1,Sales Representative,2,Single,2121,9947,1,Y,Yes,13,3,2,80,0,1,3,4,1,0,0,0
485,30.0,No,Travel_Rarely,1092.0,Research & Development,10.0,3,Medical,1,1816,1,Female,64,3,3,Manufacturing Director,3,Single,9667,2739,9,Y,No,14,3,2,80,0,9,3,3,7,7,0,2
486,38.0,No,Travel_Rarely,1146.0,Human Resources,26.0,4,Life Sciences,1,2040,3,Female,31,3,3,Human Resources,4,Single,8837,16642,1,Y,Yes,16,3,3,80,0,9,2,3,9,0,1,7
487,32.0,No,Travel_Frequently,430.0,Research & Development,24.0,4,Life Sciences,1,772,1,Male,80,3,2,Laboratory Technician,4,Married,5309,21146,1,Y,No,15,3,4,80,2,10,2,3,10,8,4,7
488,38.0,No,Travel_Rarely,437.0,Sales,16.0,3,Life Sciences,1,1583,2,Female,90,3,2,Sales Executive,2,Single,4198,16379,2,Y,No,12,3,2,80,0,8,5,4,3,2,1,2
489,38.0,No,Travel_Rarely,364.0,Research & Development,10.0,5,Technical Degree,1,193,4,Female,32,3,2,Research Scientist,3,Single,4317,2302,3,Y,Yes,20,4,2,80,0,19,2,3,3,2,2,2
490,34.0,No,Travel_Rarely,971.0,Sales,1.0,3,Technical Degree,1,1535,4,Male,64,2,3,Sales Executive,3,Married,7083,12288,1,Y,Yes,14,3,4,80,0,10,3,3,10,9,8,6
491,29.0,No,Non-Travel,746.0,Sales,2.0,3,Life Sciences,1,469,4,Male,61,3,2,Sales Executive,3,Married,4649,16928,1,Y,No,14,3,1,80,1,4,3,2,4,3,0,2
492,42.0,No,Travel_Rarely,300.0,Research & Development,2.0,3,Life Sciences,1,2031,1,Male,56,3,5,Manager,3,Married,18880,17312,5,Y,No,11,3,1,80,0,24,2,2,22,6,4,14
493,45.0,No,Travel_Rarely,930.0,Sales,9.0,3,Marketing,1,864,4,Male,74,3,3,Sales Executive,1,Divorced,10761,19239,4,Y,Yes,12,3,3,80,1,18,2,3,5,4,0,2
494,33.0,No,Non-Travel,775.0,Research & Development,4.0,3,Technical Degree,1,1771,4,Male,90,3,2,Research Scientist,2,Divorced,3055,6194,5,Y,No,15,3,4,80,2,11,2,2,9,8,1,7
495,50.0,No,Travel_Rarely,1126.0,Research & Development,1.0,2,Medical,1,997,4,Male,66,3,4,Research Director,4,Divorced,17399,6615,9,Y,No,22,4,3,80,1,32,1,2,5,4,1,3
496,32.0,No,Travel_Frequently,1005.0,Research & Development,2.0,2,Life Sciences,1,8,4,Male,79,3,1,Laboratory Technician,4,Single,3068,11864,0,Y,No,13,3,3,80,0,8,2,2,7,7,3,6
497,24.0,No,Travel_Rarely,801.0,Research & Development,17.0,2,Other,1,643,4,Male,94,2,1,Laboratory Technician,2,Married,2127,9100,1,Y,No,21,4,4,80,1,1,2,3,1,0,0,0
498,54.0,No,Travel_Rarely,397.0,Human Resources,19.0,4,Medical,1,698,3,Male,88,3,3,Human Resources,2,Married,10725,6729,2,Y,No,15,3,3,80,1,16,1,4,9,7,7,1
499,38.0,No,Travel_Frequently,801.0,Research & Development,29.0,5,Life Sciences,1,79,4,Female,50,3,2,Laboratory Technician,4,Single,2406,5456,1,Y,No,11,3,4,80,0,10,2,3,10,3,9,9
500,40.0,No,Travel_Rarely,630.0,Sales,4.0,4,Marketing,1,215,3,Male,67,2,3,Sales Executive,4,Single,10855,8552,7,Y,No,11,3,1,80,1,15,2,2,12,11,2,11
501,32.0,No,Travel_Rarely,499.0,Sales,2.0,1,Marketing,1,1396,3,Male,36,3,2,Sales Executive,2,Married,4078,20497,0,Y,Yes,13,3,1,80,3,4,3,2,3,2,1,2
502,29.0,No,Travel_Rarely,726.0,Research & Development,29.0,1,Life Sciences,1,1859,4,Male,93,1,2,Healthcare Representative,3,Divorced,6384,21143,8,Y,No,17,3,4,80,2,11,3,3,7,0,1,6
503,41.0,No,Travel_Rarely,465.0,Research & Development,14.0,3,Life Sciences,1,227,1,Male,56,3,1,Research Scientist,3,Divorced,2451,4609,4,Y,No,12,3,1,80,1,13,2,3,9,8,1,8
504,37.0,No,Travel_Rarely,1439.0,Research & Development,4.0,1,Life Sciences,1,1394,3,Male,54,3,1,Research Scientist,3,Married,2996,5182,7,Y,Yes,15,3,4,80,0,8,2,3,6,4,1,3
505,33.0,No,Travel_Rarely,117.0,Research & Development,9.0,3,Medical,1,1238,1,Male,60,3,1,Research Scientist,4,Married,2781,6311,0,Y,No,13,3,2,80,1,15,5,3,14,10,4,10
506,38.0,No,Travel_Rarely,652.0,Research & Development,7.0,3,Other,1,1417,3,Male,100,4,1,Laboratory Technician,1,Single,3578,23577,0,Y,No,12,3,4,80,0,8,2,3,7,7,0,7
507,38.0,No,Travel_Rarely,583.0,Research & Development,25.0,4,Medical,1,1014,3,Female,57,3,3,Healthcare Representative,3,Divorced,10388,6975,1,Y,Yes,11,3,3,80,1,16,3,2,16,10,10,1
508,39.0,Yes,Travel_Rarely,1122.0,Research & Development,6.0,3,Medical,1,932,4,Male,70,3,1,Laboratory Technician,1,Married,2404,4303,7,Y,Yes,21,4,4,80,0,8,2,1,2,2,2,2
509,31.0,No,Travel_Rarely,408.0,Research & Development,9.0,4,Life Sciences,1,493,3,Male,42,2,1,Research Scientist,2,Single,2657,7551,0,Y,Yes,16,3,4,80,0,3,5,3,2,2,2,2
510,40.0,No,Travel_Rarely,444.0,Sales,2.0,2,Marketing,1,1986,2,Female,92,3,2,Sales Executive,2,Married,5677,4258,3,Y,No,14,3,3,80,1,15,4,3,11,8,5,10
511,18.0,Yes,Non-Travel,247.0,Research & Development,8.0,1,Medical,1,1156,3,Male,80,3,1,Laboratory Technician,3,Single,1904,13556,1,Y,No,12,3,4,80,0,0,0,3,0,0,0,0
512,31.0,Yes,Travel_Frequently,1060.0,Sales,1.0,3,Life Sciences,1,1331,4,Female,54,3,1,Sales Representative,2,Single,2302,8319,1,Y,Yes,11,3,1,80,0,3,2,4,3,2,2,2
513,49.0,Yes,Travel_Frequently,1475.0,Research & Development,28.0,2,Life Sciences,1,1420,1,Male,97,2,2,Laboratory Technician,1,Single,4284,22710,3,Y,No,20,4,1,80,0,20,2,3,4,3,1,3
514,29.0,No,Travel_Rarely,598.0,Research & Development,9.0,3,Life Sciences,1,1558,3,Male,91,4,1,Research Scientist,3,Married,2451,22376,6,Y,No,18,3,1,80,2,5,2,2,1,0,0,0
515,54.0,No,Non-Travel,142.0,Human Resources,26.0,3,Human Resources,1,148,4,Female,30,4,4,Manager,4,Single,17328,13871,2,Y,Yes,12,3,3,80,0,23,3,3,5,3,4,4
516,53.0,No,Travel_Frequently,124.0,Sales,2.0,3,Marketing,1,1050,3,Female,38,2,3,Sales Executive,2,Married,7525,23537,2,Y,No,12,3,1,80,1,30,2,3,15,7,6,12
517,38.0,No,Travel_Frequently,1391.0,Research & Development,10.0,1,Medical,1,1006,3,Male,66,3,1,Research Scientist,3,Married,2684,12127,0,Y,No,17,3,2,80,1,3,0,2,2,1,0,2
518,34.0,No,Travel_Rarely,1031.0,Research & Development,6.0,4,Life Sciences,1,151,3,Female,45,2,2,Research Scientist,2,Divorced,4505,15000,6,Y,No,15,3,3,80,1,12,3,3,1,0,0,0
519,39.0,No,Travel_Rarely,1387.0,Research & Development,10.0,5,Medical,1,1618,2,Male,76,3,2,Manufacturing Director,1,Married,5377,3835,2,Y,No,13,3,4,80,3,10,3,3,7,7,7,7
520,42.0,No,Travel_Rarely,855.0,Research & Development,12.0,3,Medical,1,1768,2,Male,57,3,1,Laboratory Technician,2,Divorced,2766,8952,8,Y,No,22,4,2,80,3,7,6,2,5,3,0,4
521,40.0,No,Travel_Rarely,1124.0,Sales,1.0,2,Medical,1,453,2,Male,57,1,2,Sales Executive,4,Married,7457,13273,2,Y,Yes,22,4,3,80,3,6,2,2,4,3,0,2
522,49.0,No,Travel_Rarely,1495.0,Research & Development,10.0,4,Technical Degree,1,1473,1,Male,96,3,2,Healthcare Representative,3,Married,6651,21534,2,Y,No,14,3,2,80,1,20,0,2,3,2,1,2
523,23.0,No,Travel_Rarely,571.0,Research & Development,12.0,2,Other,1,1982,4,Male,78,3,1,Laboratory Technician,4,Single,2647,13672,1,Y,No,13,3,3,80,0,5,6,4,5,2,1,4
524,34.0,No,Travel_Rarely,121.0,Research & Development,2.0,4,Medical,1,804,3,Female,86,2,1,Research Scientist,1,Single,4381,7530,1,Y,No,11,3,3,80,0,6,3,3,6,5,1,3
525,50.0,No,Travel_Frequently,1421.0,Research & Development,2.0,3,Medical,1,1215,4,Female,30,3,4,Manager,1,Married,17856,9490,2,Y,No,22,4,3,80,1,32,3,3,2,2,2,2
526,38.0,No,Travel_Rarely,775.0,Sales,29.0,2,Medical,1,618,1,Male,45,3,2,Sales Executive,3,Divorced,4306,4267,5,Y,No,12,3,1,80,2,8,5,3,0,0,0,0
527,49.0,No,Travel_Rarely,1418.0,Research & Development,1.0,3,Technical Degree,1,887,3,Female,36,3,1,Research Scientist,1,Married,3580,10554,2,Y,No,16,3,2,80,1,7,2,3,4,2,0,2
528,40.0,No,Travel_Rarely,300.0,Sales,26.0,3,Marketing,1,1066,3,Male,74,3,2,Sales Executive,1,Married,8396,22217,1,Y,No,14,3,2,80,1,8,3,2,7,7,7,5
529,34.0,No,Travel_Rarely,1346.0,Research & Development,19.0,2,Medical,1,18,2,Male,93,3,1,Laboratory Technician,4,Divorced,2661,8758,0,Y,No,11,3,3,80,1,3,2,3,2,2,1,2
530,33.0,No,Travel_Rarely,589.0,Research & Development,28.0,4,Life Sciences,1,1549,2,Male,79,3,2,Laboratory Technician,3,Married,5207,22949,1,Y,Yes,12,3,2,80,1,15,3,3,15,14,5,7
531,29.0,Yes,Travel_Frequently,746.0,Sales,24.0,3,Technical Degree,1,1928,3,Male,45,4,1,Sales Representative,1,Single,1091,10642,1,Y,No,17,3,4,80,0,1,3,3,1,0,0,0
532,50.0,No,Travel_Rarely,989.0,Research & Development,7.0,2,Medical,1,80,2,Female,43,2,5,Research Director,3,Divorced,18740,16701,5,Y,Yes,12,3,4,80,1,29,2,2,27,3,13,8
533,42.0,No,Non-Travel,355.0,Research & Development,10.0,4,Technical Degree,1,1854,3,Male,38,3,1,Research Scientist,3,Married,2936,6161,3,Y,No,22,4,2,80,2,10,1,2,6,3,3,3
534,45.0,No,Travel_Rarely,193.0,Research & Development,6.0,4,Other,1,101,4,Male,52,3,3,Research Director,1,Married,13245,15067,4,Y,Yes,14,3,2,80,0,17,3,4,0,0,0,0
535,47.0,No,Travel_Rarely,202.0,Research & Development,2.0,2,Other,1,820,3,Female,33,3,4,Manager,4,Married,16752,12982,1,Y,Yes,11,3,3,80,1,26,3,2,26,14,3,0
536,20.0,Yes,Travel_Frequently,769.0,Sales,9.0,3,Marketing,1,1077,4,Female,54,3,1,Sales Representative,4,Single,2323,17205,1,Y,Yes,14,3,2,80,0,2,3,3,2,2,0,2
537,53.0,No,Travel_Rarely,346.0,Research & Development,6.0,3,Life Sciences,1,769,4,Male,86,3,2,Laboratory Technician,4,Single,2450,10919,2,Y,No,17,3,4,80,0,19,4,3,2,2,2,2
538,38.0,No,Non-Travel,1180.0,Research & Development,2.0,2,Medical,1,1804,2,Male,90,3,2,Manufacturing Director,4,Divorced,5762,24442,2,Y,No,14,3,3,80,1,15,6,3,7,7,1,7
539,60.0,No,Travel_Rarely,801.0,Research & Development,1.0,4,Medical,1,1697,3,Male,92,1,3,Healthcare Representative,4,Divorced,10883,20467,3,Y,No,20,4,3,80,1,19,2,4,1,0,0,0
540,33.0,No,Travel_Frequently,1296.0,Research & Development,6.0,3,Life Sciences,1,692,3,Male,30,3,2,Healthcare Representative,4,Divorced,7725,5335,3,Y,No,23,4,3,80,1,15,2,1,13,11,4,7
541,38.0,No,Travel_Rarely,810.0,Sales,8.0,3,Life Sciences,1,707,4,Male,57,4,2,Sales Executive,2,Married,4851,15678,0,Y,No,22,4,3,80,1,4,4,3,3,2,1,2
542,38.0,No,Non-Travel,152.0,Sales,10.0,3,Technical Degree,1,983,3,Female,85,3,2,Sales Executive,4,Single,5666,19899,1,Y,Yes,13,3,2,80,0,6,1,3,5,3,1,3
543,33.0,No,Non-Travel,722.0,Sales,17.0,3,Life Sciences,1,992,4,Male,38,3,4,Manager,3,Single,17444,20489,1,Y,No,11,3,4,80,0,10,2,3,10,8,6,0
544,38.0,No,Travel_Rarely,1153.0,Research & Development,6.0,2,Other,1,1782,4,Female,40,2,1,Laboratory Technician,3,Married,3702,16376,1,Y,No,11,3,2,80,1,5,3,3,5,4,0,4
545,40.0,No,Travel_Rarely,804.0,Research & Development,2.0,1,Medical,1,763,4,Female,86,2,1,Research Scientist,4,Single,2342,22929,0,Y,Yes,20,4,4,80,0,5,2,2,4,2,2,3
546,31.0,Yes,Travel_Frequently,667.0,Sales,1.0,4,Life Sciences,1,1427,2,Female,50,1,1,Sales Representative,3,Single,1359,16154,1,Y,No,12,3,2,80,0,1,3,3,1,0,0,0
547,38.0,No,Travel_Rarely,266.0,Research & Development,1.0,3,Medical,1,1303,4,Female,40,3,1,Research Scientist,2,Single,2096,18830,1,Y,No,18,3,4,80,0,2,3,2,2,2,2,1
548,42.0,No,Travel_Rarely,462.0,Sales,14.0,2,Medical,1,936,3,Female,68,2,2,Sales Executive,3,Single,6244,7824,7,Y,No,17,3,1,80,0,10,6,3,5,4,0,3
549,42.0,No,Travel_Rarely,1396.0,Research & Development,6.0,3,Medical,1,1911,3,Male,83,3,3,Research Director,1,Married,13348,14842,9,Y,No,13,3,2,80,1,18,3,4,13,7,5,7
550,42.0,No,Non-Travel,179.0,Human Resources,2.0,5,Medical,1,1231,4,Male,79,4,2,Human Resources,1,Married,6272,12858,7,Y,No,16,3,1,80,1,10,3,4,4,3,0,3
551,52.0,No,Travel_Rarely,699.0,Research & Development,1.0,4,Life Sciences,1,259,3,Male,65,2,5,Manager,3,Married,19999,5678,0,Y,No,14,3,1,80,1,34,5,3,33,18,11,9
552,36.0,No,Non-Travel,301.0,Sales,15.0,4,Marketing,1,2036,4,Male,88,1,2,Sales Executive,4,Divorced,5406,10436,1,Y,No,24,4,1,80,1,15,4,2,15,12,11,11
553,49.0,No,Travel_Rarely,301.0,Research & Development,22.0,4,Other,1,1655,1,Female,72,3,4,Research Director,2,Married,16413,3498,3,Y,No,16,3,2,80,2,27,2,3,4,2,1,2
554,51.0,No,Travel_Rarely,942.0,Research & Development,10.0,3,Technical Degree,1,1786,1,Female,53,3,3,Manager,3,Married,13116,22984,2,Y,No,11,3,4,80,0,15,2,3,2,2,2,2
555,52.0,No,Travel_Rarely,1323.0,Research & Development,2.0,3,Life Sciences,1,316,3,Female,89,2,1,Laboratory Technician,4,Single,3212,3300,7,Y,No,15,3,2,80,0,6,3,2,2,2,2,2
556,24.0,No,Non-Travel,1092.0,Research & Development,9.0,3,Life Sciences,1,812,3,Male,60,2,1,Laboratory Technician,2,Divorced,2694,26551,1,Y,No,11,3,3,80,3,1,4,3,1,0,0,0
557,40.0,No,Travel_Rarely,884.0,Research & Development,15.0,3,Life Sciences,1,1628,1,Female,80,2,3,Manufacturing Director,3,Married,10435,25800,1,Y,No,13,3,4,80,2,18,2,3,18,15,14,12
558,40.0,No,Travel_Rarely,896.0,Research & Development,2.0,3,Medical,1,1474,3,Male,68,3,1,Research Scientist,3,Divorced,2345,8045,2,Y,No,14,3,3,80,1,8,3,4,3,1,1,2
559,40.0,No,Travel_Rarely,750.0,Research & Development,12.0,3,Life Sciences,1,1829,2,Female,47,3,2,Healthcare Representative,1,Divorced,4448,10748,2,Y,No,12,3,2,80,1,15,3,3,7,4,7,7
560,38.0,No,Travel_Rarely,959.0,Sales,28.0,3,Life Sciences,1,183,1,Male,41,2,2,Sales Executive,3,Married,8639,24835,2,Y,No,18,3,4,80,0,6,3,3,2,2,2,2
561,36.0,No,Travel_Rarely,1425.0,Research & Development,14.0,1,Life Sciences,1,924,3,Male,68,3,2,Healthcare Representative,4,Married,6586,4821,0,Y,Yes,17,3,1,80,1,17,2,2,16,8,4,11
562,20.0,Yes,Travel_Rarely,129.0,Research & Development,4.0,3,Technical Degree,1,960,1,Male,84,3,1,Laboratory Technician,1,Single,2973,13008,1,Y,No,19,3,2,80,0,1,2,3,1,0,0,0
563,33.0,No,Travel_Rarely,217.0,Sales,10.0,4,Marketing,1,1924,2,Male,43,3,2,Sales Executive,3,Single,5487,10410,1,Y,No,14,3,2,80,0,10,2,2,10,4,0,9
564,41.0,Yes,Travel_Rarely,1085.0,Research & Development,2.0,4,Life Sciences,1,927,2,Female,57,1,1,Laboratory Technician,4,Divorced,2778,17725,4,Y,Yes,13,3,3,80,1,10,1,2,7,7,1,0
565,32.0,No,Travel_Rarely,498.0,Research & Development,10.0,4,Medical,1,966,3,Female,93,3,2,Manufacturing Director,1,Married,6725,13554,1,Y,No,12,3,3,80,1,8,2,4,8,7,6,3
566,30.0,No,Travel_Rarely,1329.0,Sales,29.0,4,Life Sciences,1,1211,3,Male,61,3,2,Sales Executive,1,Divorced,4115,13192,8,Y,No,19,3,3,80,3,8,3,3,4,3,0,3
567,41.0,No,Travel_Frequently,840.0,Research & Development,9.0,3,Medical,1,999,1,Male,64,3,5,Research Director,3,Divorced,19419,3735,2,Y,No,17,3,2,80,1,21,2,4,18,16,0,11
568,38.0,No,Travel_Rarely,1423.0,Research & Development,1.0,3,Life Sciences,1,1506,1,Male,72,2,1,Research Scientist,3,Divorced,1563,12530,1,Y,No,14,3,4,80,1,1,2,1,1,0,0,0
569,38.0,No,Travel_Rarely,268.0,Research & Development,2.0,5,Medical,1,773,4,Male,92,3,1,Research Scientist,3,Married,3057,20471,6,Y,Yes,13,3,2,80,1,6,0,1,1,0,0,1
570,47.0,No,Travel_Rarely,465.0,Research & Development,1.0,3,Technical Degree,1,1438,1,Male,74,3,1,Research Scientist,4,Married,3420,10205,7,Y,No,12,3,3,80,1,17,2,2,6,5,1,2
571,29.0,No,Travel_Rarely,1010.0,Research & Development,1.0,3,Life Sciences,1,1249,1,Female,97,3,1,Research Scientist,4,Divorced,3760,5598,1,Y,No,15,3,1,80,3,3,5,3,3,2,1,2
572,31.0,Yes,Travel_Frequently,561.0,Research & Development,10.0,3,Life Sciences,1,1537,4,Female,33,3,1,Research Scientist,3,Single,4084,4156,1,Y,No,12,3,1,80,0,7,2,1,7,2,7,7
573,19.0,No,Travel_Rarely,265.0,Research & Development,25.0,3,Life Sciences,1,1269,2,Female,57,4,1,Research Scientist,4,Single,2994,21221,1,Y,Yes,12,3,4,80,0,1,2,3,1,0,0,1
574,31.0,No,Travel_Rarely,691.0,Sales,7.0,3,Marketing,1,438,4,Male,73,3,2,Sales Executive,4,Divorced,7547,7143,4,Y,No,12,3,4,80,3,13,3,3,7,7,1,7
575,34.0,No,Travel_Rarely,419.0,Research & Development,7.0,4,Life Sciences,1,28,1,Female,53,3,3,Research Director,2,Single,11994,21293,0,Y,No,11,3,3,80,0,13,4,3,12,6,2,11
576,38.0,No,Travel_Rarely,819.0,Research & Development,2.0,3,Life Sciences,1,1182,3,Male,44,2,3,Manufacturing Director,2,Divorced,10274,19588,2,Y,No,18,3,2,80,1,15,2,4,7,7,6,4
577,37.0,No,Travel_Frequently,889.0,Research & Development,9.0,3,Medical,1,403,2,Male,53,3,1,Research Scientist,4,Married,2326,11411,1,Y,Yes,12,3,3,80,3,4,3,2,4,2,1,2
578,45.0,No,Travel_Rarely,549.0,Research & Development,8.0,4,Other,1,452,4,Male,75,3,2,Research Scientist,4,Married,3697,9278,9,Y,No,14,3,1,80,2,12,3,3,10,9,9,8
579,44.0,No,Travel_Rarely,200.0,Research & Development,29.0,4,Other,1,1225,4,Male,32,3,2,Research Scientist,4,Single,4541,7744,1,Y,No,25,4,2,80,0,20,3,3,20,11,13,17
580,36.0,No,Travel_Rarely,216.0,Research & Development,6.0,2,Medical,1,178,2,Male,84,3,2,Manufacturing Director,2,Divorced,4941,2819,6,Y,No,20,4,4,80,2,7,0,3,3,2,0,1
581,41.0,No,Travel_Rarely,337.0,Sales,8.0,3,Marketing,1,1909,3,Female,54,3,2,Sales Executive,2,Married,4393,26841,5,Y,No,21,4,3,80,1,14,3,3,5,4,1,4
582,33.0,No,Non-Travel,750.0,Sales,22.0,2,Marketing,1,160,3,Male,95,3,2,Sales Executive,2,Married,6146,15480,0,Y,No,13,3,1,80,1,8,2,4,7,7,0,7
583,27.0,No,Travel_Frequently,294.0,Research & Development,10.0,2,Life Sciences,1,733,4,Male,32,3,3,Manufacturing Director,1,Divorced,8793,4809,1,Y,No,21,4,3,80,2,9,4,2,9,7,1,7
584,27.0,Yes,Travel_Frequently,1337.0,Human Resources,22.0,3,Human Resources,1,1944,1,Female,58,2,1,Human Resources,2,Married,2863,19555,1,Y,No,12,3,1,80,0,1,2,3,1,0,0,0
585,32.0,Yes,Travel_Rarely,964.0,Sales,1.0,2,Life Sciences,1,1734,1,Male,34,1,2,Sales Executive,2,Single,6735,12147,6,Y,No,15,3,2,80,0,10,2,3,0,0,0,0
586,43.0,No,Travel_Rarely,930.0,Research & Development,6.0,3,Medical,1,1402,1,Female,73,2,2,Research Scientist,3,Single,4081,20003,1,Y,Yes,14,3,1,80,0,20,3,1,20,7,1,8
587,34.0,No,Non-Travel,1065.0,Sales,23.0,4,Marketing,1,60,2,Male,72,3,2,Sales Executive,3,Single,4568,10034,0,Y,No,20,4,3,80,0,10,2,3,9,5,8,7
588,40.0,No,Non-Travel,663.0,Research & Development,9.0,4,Other,1,1449,3,Male,81,3,2,Laboratory Technician,3,Divorced,3975,23099,3,Y,No,11,3,3,80,2,11,2,4,8,7,0,7
589,55.0,No,Travel_Rarely,1311.0,Research & Development,2.0,3,Life Sciences,1,505,3,Female,97,3,4,Manager,4,Single,16659,23258,2,Y,Yes,13,3,3,80,0,30,2,3,5,4,1,2
590,31.0,No,Travel_Frequently,715.0,Sales,2.0,4,Other,1,1613,4,Male,54,3,2,Sales Executive,1,Single,5332,21602,7,Y,No,13,3,4,80,0,10,3,3,5,2,0,3
591,38.0,No,Non-Travel,727.0,Research & Development,10.0,3,Life Sciences,1,704,3,Male,41,2,1,Laboratory Technician,3,Married,1281,16900,1,Y,No,18,3,3,80,2,1,3,3,1,0,0,0
592,30.0,No,Travel_Rarely,1082.0,Sales,12.0,3,Technical Degree,1,533,2,Female,83,3,2,Sales Executive,3,Single,6577,19558,0,Y,No,11,3,2,80,0,6,6,3,5,4,4,4
593,34.0,Yes,Travel_Rarely,699.0,Research & Development,6.0,1,Medical,1,31,2,Male,83,3,1,Research Scientist,1,Single,2960,17102,2,Y,No,11,3,3,80,0,8,2,3,4,2,1,3
594,55.0,No,Travel_Frequently,135.0,Research & Development,18.0,4,Medical,1,1034,3,Male,62,3,2,Healthcare Representative,2,Married,6385,12992,3,Y,Yes,14,3,4,80,2,17,3,3,8,7,6,7
595,50.0,Yes,Travel_Frequently,878.0,Sales,1.0,4,Life Sciences,1,2044,2,Male,94,3,2,Sales Executive,3,Divorced,6728,14255,7,Y,No,12,3,4,80,2,12,3,3,6,3,0,1
596,33.0,No,Travel_Rarely,1216.0,Sales,8.0,4,Marketing,1,677,3,Male,39,3,2,Sales Executive,3,Divorced,7104,20431,0,Y,No,12,3,4,80,0,6,3,3,5,0,1,2
597,33.0,No,Travel_Rarely,134.0,Research & Development,2.0,3,Life Sciences,1,242,3,Male,90,3,1,Research Scientist,4,Single,2500,10515,0,Y,No,14,3,1,80,0,4,2,4,3,1,0,2
598,31.0,No,Travel_Rarely,326.0,Sales,8.0,2,Life Sciences,1,1453,1,Male,31,3,3,Sales Executive,4,Divorced,10793,8386,1,Y,No,18,3,1,80,1,13,5,3,13,7,9,9
599,49.0,No,Travel_Rarely,1261.0,Research & Development,7.0,3,Other,1,499,2,Male,31,2,3,Healthcare Representative,3,Single,10965,12066,8,Y,No,24,4,3,80,0,26,2,3,5,2,0,0
600,37.0,No,Travel_Frequently,1278.0,Sales,1.0,4,Medical,1,1700,3,Male,31,1,2,Sales Executive,4,Divorced,9525,7677,1,Y,No,14,3,3,80,2,6,2,2,6,3,1,3
601,27.0,No,Travel_Frequently,1131.0,Research & Development,15.0,3,Life Sciences,1,1870,4,Female,77,2,1,Research Scientist,1,Married,4774,23844,0,Y,No,19,3,4,80,1,8,2,2,7,6,7,3
602,48.0,No,Travel_Rarely,1221.0,Sales,7.0,3,Marketing,1,1466,3,Male,96,3,2,Sales Executive,1,Divorced,5486,24795,4,Y,No,11,3,1,80,3,15,3,3,2,2,2,2
603,38.0,No,Travel_Frequently,693.0,Research & Development,7.0,3,Life Sciences,1,1382,4,Male,57,4,1,Research Scientist,3,Divorced,2610,15748,1,Y,No,11,3,4,80,3,4,2,3,4,2,0,3
604,21.0,No,Travel_Rarely,984.0,Research & Development,1.0,1,Technical Degree,1,1131,4,Female,70,2,1,Research Scientist,2,Single,2070,25326,1,Y,Yes,11,3,3,80,0,2,6,4,2,2,2,2
605,32.0,No,Travel_Rarely,548.0,Research & Development,1.0,3,Life Sciences,1,96,2,Male,66,3,2,Research Scientist,2,Married,6220,7346,1,Y,No,17,3,2,80,2,10,3,3,10,4,0,9
606,39.0,No,Travel_Rarely,1329.0,Sales,4.0,4,Life Sciences,1,182,4,Female,47,2,2,Sales Executive,3,Married,5902,14590,4,Y,No,14,3,3,80,1,17,1,4,15,11,5,9
607,33.0,No,Travel_Rarely,536.0,Sales,10.0,5,Marketing,1,1268,4,Male,82,4,3,Sales Executive,3,Divorced,8380,21708,0,Y,Yes,14,3,4,80,2,10,3,3,9,8,0,8
608,32.0,No,Travel_Frequently,967.0,Sales,8.0,3,Marketing,1,207,2,Female,43,3,3,Sales Executive,4,Single,8998,15589,1,Y,No,14,3,4,80,0,9,2,3,9,8,3,7
609,50.0,No,Travel_Rarely,1207.0,Research & Development,28.0,1,Medical,1,716,4,Male,74,4,1,Laboratory Technician,3,Married,3221,3297,1,Y,Yes,11,3,3,80,3,20,3,3,20,8,3,8
610,29.0,Yes,Travel_Frequently,459.0,Research & Development,24.0,2,Life Sciences,1,1868,4,Male,73,2,1,Research Scientist,4,Single,2439,14753,1,Y,Yes,24,4,2,80,0,1,3,2,1,0,1,0
611,43.0,No,Travel_Rarely,415.0,Sales,25.0,3,Medical,1,1076,3,Male,79,2,3,Sales Executive,4,Divorced,10798,5268,5,Y,No,13,3,3,80,1,18,5,3,1,0,0,0
612,55.0,No,Travel_Rarely,801.0,Research & Development,2.0,4,Technical Degree,1,1873,2,Male,98,2,1,Research Scientist,4,Married,2662,7975,8,Y,No,20,4,2,80,1,19,2,4,5,2,0,4
613,23.0,No,Travel_Rarely,885.0,Research & Development,4.0,3,Medical,1,705,1,Male,58,4,1,Research Scientist,1,Married,2819,8544,2,Y,No,16,3,1,80,1,5,3,4,3,2,0,2
614,40.0,No,Travel_Frequently,593.0,Research & Development,9.0,4,Medical,1,1166,2,Female,88,3,3,Research Director,3,Single,13499,13782,9,Y,No,17,3,3,80,0,20,3,2,18,7,2,13
615,29.0,No,Travel_Frequently,1413.0,Sales,1.0,1,Medical,1,312,2,Female,42,3,3,Sales Executive,4,Married,7918,6599,1,Y,No,14,3,4,80,1,11,5,3,11,10,4,1
616,51.0,Yes,Travel_Rarely,1323.0,Research & Development,4.0,4,Life Sciences,1,1081,1,Male,34,3,1,Research Scientist,3,Married,2461,10332,9,Y,Yes,12,3,3,80,3,18,2,4,10,0,2,7
617,30.0,No,Travel_Rarely,1288.0,Sales,29.0,4,Technical Degree,1,1568,3,Male,33,3,3,Sales Executive,2,Married,9250,17799,3,Y,No,12,3,2,80,1,9,3,3,4,2,1,3
618,33.0,Yes,Travel_Rarely,1277.0,Research & Development,15.0,1,Medical,1,582,2,Male,56,3,3,Manager,3,Married,13610,24619,7,Y,Yes,12,3,4,80,0,15,2,4,7,6,7,7
619,19.0,Yes,Travel_Rarely,303.0,Research & Development,2.0,3,Life Sciences,1,243,2,Male,47,2,1,Laboratory Technician,4,Single,1102,9241,1,Y,No,22,4,3,80,0,1,3,2,1,0,1,0
620,32.0,Yes,Travel_Frequently,1125.0,Research & Development,16.0,1,Life Sciences,1,33,2,Female,72,1,1,Research Scientist,1,Single,3919,4681,1,Y,Yes,22,4,2,80,0,10,5,3,10,2,6,7
621,27.0,Yes,Travel_Rarely,135.0,Research & Development,17.0,4,Life Sciences,1,1405,4,Female,51,3,1,Research Scientist,3,Single,2394,25681,1,Y,Yes,13,3,4,80,0,8,2,3,8,2,7,7
622,38.0,No,Travel_Rarely,1476.0,Research & Development,16.0,2,Medical,1,412,2,Male,68,4,2,Healthcare Representative,1,Single,5661,4824,0,Y,No,19,3,3,80,0,9,2,3,8,3,0,7
623,40.0,No,Travel_Rarely,1308.0,Research & Development,14.0,3,Medical,1,1128,3,Male,44,2,5,Research Director,3,Single,19626,17544,1,Y,No,14,3,1,80,0,21,2,4,20,7,4,9
624,30.0,No,Travel_Rarely,201.0,Research & Development,10.0,3,Technical Degree,1,197,4,Female,84,3,1,Research Scientist,1,Divorced,3204,10415,5,Y,No,14,3,4,80,1,8,3,3,3,2,2,2
625,33.0,Yes,Travel_Rarely,813.0,Research & Development,14.0,3,Medical,1,325,3,Male,58,3,1,Laboratory Technician,4,Married,2436,22149,5,Y,Yes,13,3,3,80,1,8,2,1,5,4,0,4
626,38.0,Yes,Travel_Rarely,867.0,Sales,19.0,2,Marketing,1,952,3,Male,36,2,1,Sales Representative,2,Married,2413,18798,1,Y,Yes,18,3,3,80,3,1,2,3,1,0,0,0
627,34.0,No,Travel_Rarely,735.0,Sales,10.0,1,Medical,1,1915,4,Female,75,2,2,Sales Executive,4,Married,8103,16495,3,Y,Yes,12,3,3,80,0,9,3,2,4,2,0,1
628,39.0,No,Travel_Rarely,1132.0,Research & Development,1.0,3,Medical,1,417,3,Male,48,4,3,Healthcare Representative,4,Divorced,9613,10942,0,Y,No,17,3,1,80,3,19,5,2,18,10,3,7
629,36.0,No,Travel_Rarely,1383.0,Research & Development,10.0,3,Life Sciences,1,1790,4,Male,90,3,3,Healthcare Representative,1,Married,8321,25949,7,Y,Yes,13,3,4,80,1,15,1,3,12,8,5,7
630,59.0,No,Travel_Rarely,1324.0,Research & Development,10.0,3,Medical,1,10,3,Female,81,4,1,Laboratory Technician,1,Married,2670,9964,4,Y,Yes,20,4,1,80,3,12,3,2,1,0,0,0
631,52.0,No,Travel_Frequently,322.0,Research & Development,28.0,2,Medical,1,1401,4,Female,59,4,4,Manufacturing Director,3,Married,13247,9731,2,Y,Yes,11,3,2,80,1,24,3,2,5,3,0,2
632,44.0,No,Travel_Rarely,1037.0,Research & Development,1.0,3,Medical,1,2020,2,Male,42,3,1,Research Scientist,4,Single,2436,13422,6,Y,Yes,12,3,3,80,0,6,2,3,4,3,1,2
633,43.0,No,Travel_Frequently,957.0,Research & Development,28.0,3,Medical,1,171,2,Female,72,4,1,Research Scientist,3,Single,4739,16090,4,Y,No,12,3,4,80,0,18,2,3,3,2,1,2
634,31.0,Yes,Travel_Rarely,542.0,Sales,20.0,3,Life Sciences,1,175,2,Female,71,1,2,Sales Executive,3,Married,4559,24788,3,Y,Yes,11,3,3,80,1,4,2,3,2,2,2,2
635,42.0,No,Non-Travel,926.0,Research & Development,21.0,2,Medical,1,270,3,Female,36,3,2,Manufacturing Director,3,Divorced,5265,16439,2,Y,No,16,3,2,80,1,11,5,3,5,3,0,2
636,38.0,No,Travel_Frequently,944.0,Sales,1.0,3,Marketing,1,314,3,Female,92,3,3,Sales Executive,3,Single,8789,9096,1,Y,No,14,3,1,80,0,10,3,4,10,7,0,8
637,43.0,No,Travel_Rarely,1001.0,Research & Development,7.0,3,Life Sciences,1,451,3,Female,43,3,3,Healthcare Representative,1,Single,9985,9262,8,Y,No,16,3,1,80,1,10,1,2,1,0,0,0
638,54.0,No,Travel_Rarely,971.0,Research & Development,1.0,3,Medical,1,1422,4,Female,54,3,4,Research Director,4,Single,17328,5652,6,Y,No,19,3,4,80,0,29,3,2,20,7,12,7
639,38.0,No,Travel_Rarely,580.0,Research & Development,27.0,3,Medical,1,1622,2,Female,39,1,2,Manufacturing Director,1,Divorced,4877,20460,0,Y,No,21,4,2,80,1,6,5,2,5,3,0,0
640,38.0,Yes,Travel_Rarely,1204.0,Sales,4.0,3,Technical Degree,1,1100,4,Male,86,3,3,Sales Executive,1,Single,9582,10333,0,Y,Yes,22,4,1,80,0,9,2,3,8,7,4,7
641,57.0,No,Travel_Rarely,593.0,Research & Development,1.0,4,Medical,1,482,4,Male,88,3,2,Healthcare Representative,3,Married,6755,2967,2,Y,No,11,3,3,80,0,15,2,3,3,2,1,2
642,24.0,Yes,Travel_Frequently,381.0,Research & Development,9.0,3,Medical,1,1494,2,Male,89,3,1,Laboratory Technician,1,Single,3172,16998,2,Y,Yes,11,3,3,80,0,4,2,2,0,0,0,0
643,42.0,No,Travel_Rarely,647.0,Sales,4.0,4,Marketing,1,1171,2,Male,45,3,2,Sales Executive,1,Single,5155,2253,7,Y,No,13,3,4,80,0,9,3,4,6,4,1,5
644,37.0,No,Travel_Rarely,408.0,Research & Development,19.0,2,Life Sciences,1,61,2,Male,73,3,1,Research Scientist,2,Married,3022,10227,4,Y,No,21,4,1,80,0,8,1,3,1,0,0,0
645,45.0,No,Travel_Rarely,1005.0,Research & Development,28.0,2,Technical Degree,1,1719,4,Female,48,2,4,Research Director,2,Single,16704,17119,1,Y,No,11,3,3,80,0,21,2,3,21,6,8,6
646,37.0,No,Travel_Rarely,290.0,Research & Development,21.0,3,Life Sciences,1,267,2,Male,65,4,1,Research Scientist,1,Married,3564,22977,1,Y,Yes,12,3,1,80,1,8,3,2,8,7,1,7
647,38.0,Yes,Travel_Rarely,1357.0,Research & Development,25.0,3,Life Sciences,1,55,1,Male,48,1,1,Laboratory Technician,3,Single,2293,10558,1,Y,No,12,3,3,80,0,1,2,2,1,0,0,1
648,19.0,No,Travel_Rarely,645.0,Research & Development,9.0,2,Life Sciences,1,1193,3,Male,54,3,1,Research Scientist,1,Single,2552,7172,1,Y,No,25,4,3,80,0,1,4,3,1,1,0,0
649,38.0,Yes,Travel_Rarely,471.0,Research & Development,24.0,3,Technical Degree,1,622,3,Male,66,1,1,Laboratory Technician,4,Single,2340,23213,1,Y,Yes,18,3,2,80,0,1,3,1,1,0,0,0
650,40.0,No,Travel_Rarely,523.0,Research & Development,2.0,3,Life Sciences,1,1346,3,Male,98,3,2,Research Scientist,4,Single,4661,22455,1,Y,No,13,3,3,80,0,9,4,3,9,8,8,8
651,37.0,No,Travel_Rarely,1192.0,Research & Development,10.0,2,Medical,1,460,4,Male,61,3,2,Manufacturing Director,4,Divorced,6347,23177,7,Y,No,16,3,3,80,2,8,2,2,6,2,0,4
652,34.0,No,Travel_Rarely,1153.0,Research & Development,1.0,2,Medical,1,110,1,Male,94,3,2,Manufacturing Director,2,Married,4325,17736,1,Y,No,15,3,3,80,0,5,2,3,5,2,1,3
653,46.0,No,Travel_Rarely,1003.0,Research & Development,8.0,4,Life Sciences,1,1080,4,Female,74,2,2,Research Scientist,1,Divorced,4615,21029,8,Y,Yes,23,4,1,80,3,19,2,3,16,13,1,7
654,38.0,No,Travel_Frequently,482.0,Research & Development,4.0,4,Life Sciences,1,1350,3,Male,87,3,2,Research Scientist,3,Single,4249,2690,1,Y,Yes,11,3,2,80,0,9,3,3,9,6,1,1
655,29.0,No,Travel_Rarely,942.0,Research & Development,15.0,1,Life Sciences,1,1202,2,Female,69,1,1,Research Scientist,4,Married,2168,26933,0,Y,Yes,18,3,1,80,1,6,2,2,5,4,1,3
656,24.0,Yes,Travel_Rarely,693.0,Sales,10.0,2,Life Sciences,1,720,1,Female,65,3,2,Sales Executive,3,Single,4577,24785,9,Y,No,14,3,1,80,0,4,3,3,2,2,2,0
657,38.0,Yes,Travel_Frequently,342.0,Research & Development,2.0,3,Life Sciences,1,1053,1,Male,57,3,1,Research Scientist,1,Married,2042,15346,6,Y,Yes,14,3,2,80,1,6,2,3,3,2,1,2
658,38.0,No,Travel_Rarely,891.0,Sales,4.0,2,Life Sciences,1,527,2,Female,99,2,2,Sales Executive,4,Single,4487,12090,1,Y,Yes,11,3,2,80,0,5,3,3,5,4,1,3
659,38.0,No,Travel_Rarely,640.0,Research & Development,1.0,3,Technical Degree,1,1301,4,Male,84,3,1,Research Scientist,1,Single,2080,4732,2,Y,No,11,3,2,80,0,5,2,2,3,2,1,2
660,53.0,Yes,Travel_Rarely,607.0,Research & Development,2.0,5,Technical Degree,1,1572,3,Female,78,2,3,Manufacturing Director,4,Married,10169,14618,0,Y,No,16,3,2,80,1,34,4,3,33,7,1,9
661,32.0,No,Travel_Rarely,117.0,Sales,13.0,4,Life Sciences,1,859,2,Male,73,3,2,Sales Executive,4,Divorced,4403,9250,2,Y,No,11,3,3,80,1,8,3,2,5,2,0,3
662,38.0,No,Travel_Rarely,1355.0,Human Resources,25.0,1,Life Sciences,1,177,3,Female,61,3,1,Human Resources,3,Married,2942,8916,1,Y,No,23,4,4,80,1,8,3,3,8,7,5,7
663,29.0,No,Travel_Rarely,232.0,Research & Development,19.0,3,Technical Degree,1,611,4,Male,34,3,2,Manufacturing Director,4,Divorced,4262,22645,4,Y,No,12,3,2,80,2,8,2,4,3,2,1,2
664,33.0,Yes,Travel_Rarely,603.0,Sales,9.0,4,Marketing,1,1157,1,Female,77,3,2,Sales Executive,1,Single,8224,18385,0,Y,Yes,17,3,1,80,0,6,3,3,5,2,0,3
665,60.0,No,Travel_Rarely,696.0,Sales,7.0,4,Marketing,1,1233,2,Male,52,4,2,Sales Executive,4,Divorced,5220,10893,0,Y,Yes,18,3,2,80,1,12,3,3,11,7,1,9
666,33.0,No,Travel_Rarely,801.0,Research & Development,15.0,2,Medical,1,2009,2,Female,95,3,2,Healthcare Representative,4,Married,4878,21653,0,Y,Yes,13,3,1,80,1,10,6,3,9,7,8,1
667,55.0,No,Travel_Rarely,1441.0,Research & Development,22.0,3,Technical Degree,1,1694,1,Male,94,2,1,Research Scientist,2,Divorced,3537,23737,5,Y,No,12,3,4,80,1,8,1,3,4,2,1,2
668,33.0,No,Travel_Rarely,1198.0,Research & Development,1.0,4,Other,1,939,3,Male,100,2,1,Research Scientist,1,Single,2799,3339,3,Y,Yes,11,3,2,80,0,6,1,3,3,2,0,2
669,29.0,No,Travel_Rarely,1401.0,Research & Development,6.0,1,Medical,1,1192,2,Female,54,3,1,Laboratory Technician,4,Married,3131,26342,1,Y,No,13,3,1,80,1,10,5,3,10,8,0,8
670,38.0,Yes,Travel_Rarely,303.0,Sales,27.0,3,Life Sciences,1,1797,3,Male,84,3,2,Sales Executive,4,Single,5813,13492,1,Y,Yes,18,3,4,80,0,10,2,3,10,7,7,7
671,33.0,No,Travel_Rarely,832.0,Research & Development,10.0,4,Life Sciences,1,338,3,Female,63,2,1,Research Scientist,4,Married,2911,14776,1,Y,No,13,3,3,80,1,2,2,2,2,2,0,2
672,22.0,Yes,Travel_Rarely,1294.0,Research & Development,8.0,1,Medical,1,1783,3,Female,79,3,1,Laboratory Technician,1,Married,2398,15999,1,Y,Yes,17,3,3,80,0,1,6,3,1,0,0,0
673,38.0,Yes,Travel_Frequently,880.0,Sales,12.0,4,Other,1,1667,4,Male,36,3,2,Sales Executive,4,Single,4581,10414,3,Y,Yes,24,4,1,80,0,13,2,4,11,9,6,7
674,42.0,Yes,Travel_Frequently,933.0,Research & Development,19.0,3,Medical,1,752,3,Male,57,4,1,Research Scientist,3,Divorced,2759,20366,6,Y,Yes,12,3,4,80,0,7,2,3,2,2,2,2
675,38.0,No,Travel_Rarely,801.0,Research & Development,27.0,4,Life Sciences,1,1728,4,Male,49,3,2,Manufacturing Director,3,Married,6883,5151,2,Y,No,16,3,2,80,1,17,3,3,7,7,0,7
676,41.0,No,Travel_Rarely,263.0,Research & Development,6.0,3,Medical,1,957,4,Male,59,3,1,Laboratory Technician,1,Single,4721,3119,2,Y,Yes,13,3,3,80,0,20,3,3,18,13,2,17
677,43.0,Yes,Travel_Rarely,801.0,Sales,9.0,3,Marketing,1,1188,1,Female,85,1,2,Sales Executive,3,Single,5346,9489,8,Y,No,13,3,2,80,0,7,2,2,4,3,1,3
678,37.0,No,Travel_Rarely,446.0,Research & Development,1.0,4,Life Sciences,1,635,2,Female,65,3,2,Manufacturing Director,2,Married,6447,15701,6,Y,No,12,3,2,80,1,8,2,2,6,5,4,3
679,20.0,No,Travel_Rarely,727.0,Sales,9.0,1,Life Sciences,1,1680,4,Male,54,3,1,Sales Representative,1,Single,2728,21082,1,Y,No,11,3,1,80,0,2,3,3,2,2,0,2
680,37.0,No,Travel_Rarely,309.0,Sales,10.0,4,Life Sciences,1,1105,4,Female,88,2,2,Sales Executive,4,Divorced,6694,24223,2,Y,Yes,14,3,3,80,3,8,5,3,1,0,0,0
681,31.0,No,Travel_Rarely,1222.0,Research & Development,11.0,4,Life Sciences,1,895,4,Male,48,3,1,Research Scientist,4,Married,2356,14871,3,Y,Yes,19,3,2,80,1,8,2,3,6,4,0,2
682,27.0,No,Travel_Rarely,975.0,Research & Development,7.0,3,Medical,1,764,4,Female,55,2,2,Healthcare Representative,1,Single,6811,23398,8,Y,No,19,3,1,80,0,9,2,1,7,6,0,7
683,30.0,Yes,Travel_Rarely,138.0,Research & Development,22.0,3,Life Sciences,1,1004,1,Female,48,3,1,Research Scientist,3,Married,2132,11539,4,Y,Yes,11,3,2,80,0,7,2,3,5,2,0,1
684,50.0,No,Travel_Rarely,804.0,Research & Development,9.0,3,Life Sciences,1,1030,1,Male,64,3,1,Laboratory Technician,4,Married,2380,20165,4,Y,No,18,3,2,80,0,8,5,3,1,0,0,0
685,34.0,No,Travel_Frequently,303.0,Sales,2.0,4,Marketing,1,216,3,Female,75,3,1,Sales Representative,3,Married,2231,11314,6,Y,No,18,3,4,80,1,6,3,3,4,3,1,2
686,30.0,No,Travel_Frequently,1312.0,Research & Development,23.0,3,Life Sciences,1,159,1,Male,96,1,1,Research Scientist,3,Divorced,2613,22310,1,Y,No,25,4,3,80,3,10,2,2,10,7,0,9
687,36.0,No,Travel_Rarely,1040.0,Research & Development,10.0,2,Life Sciences,1,1664,4,Male,79,4,2,Healthcare Representative,1,Divorced,6842,26308,6,Y,No,20,4,1,80,1,13,3,3,5,4,0,4
688,38.0,No,Travel_Rarely,1181.0,Research & Development,1.0,3,Life Sciences,1,1799,3,Male,82,3,1,Research Scientist,4,Married,2044,5531,1,Y,No,11,3,3,80,1,5,6,4,5,3,0,3
689,51.0,No,Travel_Rarely,1178.0,Sales,14.0,2,Life Sciences,1,500,3,Female,87,3,2,Sales Executive,4,Married,4936,14862,4,Y,No,11,3,3,80,1,18,2,2,7,7,0,7
690,31.0,No,Travel_Rarely,746.0,Research & Development,8.0,4,Life Sciences,1,98,3,Female,61,3,2,Manufacturing Director,4,Single,4424,20682,1,Y,No,23,4,4,80,0,11,2,3,11,7,1,8
691,34.0,No,Travel_Rarely,1130.0,Research & Development,10.0,3,Life Sciences,1,1658,4,Female,66,3,2,Research Scientist,2,Divorced,5433,19332,1,Y,No,12,3,3,80,1,11,2,3,11,8,7,9
692,42.0,No,Travel_Rarely,1332.0,Research & Development,2.0,4,Other,1,477,1,Male,98,2,2,Healthcare Representative,4,Single,6781,17078,3,Y,No,23,4,2,80,0,14,6,3,1,0,0,0
693,45.0,No,Travel_Rarely,538.0,Research & Development,1.0,4,Technical Degree,1,1553,1,Male,66,3,3,Healthcare Representative,2,Divorced,7441,20933,1,Y,No,12,3,1,80,3,10,4,3,10,8,7,7
694,30.0,No,Travel_Rarely,921.0,Research & Development,1.0,3,Life Sciences,1,806,4,Male,38,1,1,Laboratory Technician,3,Married,3833,24375,3,Y,No,21,4,3,80,2,7,2,3,2,2,0,2
695,31.0,Yes,Travel_Frequently,874.0,Research & Development,15.0,3,Medical,1,1160,3,Male,72,3,1,Laboratory Technician,3,Married,2610,6233,1,Y,No,12,3,3,80,1,2,5,2,2,2,2,2
696,40.0,No,Travel_Rarely,658.0,Sales,10.0,4,Marketing,1,954,1,Male,67,2,3,Sales Executive,2,Divorced,9705,20652,2,Y,No,12,3,2,80,1,11,2,2,1,0,0,0
697,38.0,Yes,Travel_Rarely,103.0,Research & Development,24.0,3,Life Sciences,1,19,3,Male,50,2,1,Laboratory Technician,3,Single,2028,12947,5,Y,Yes,14,3,2,80,0,6,4,3,4,2,0,3
698,46.0,No,Travel_Rarely,1277.0,Sales,2.0,3,Life Sciences,1,1732,3,Male,74,3,3,Sales Executive,4,Divorced,10368,5596,4,Y,Yes,12,3,2,80,1,13,5,2,10,6,0,3
699,38.0,No,Non-Travel,208.0,Research & Development,8.0,4,Life Sciences,1,1630,3,Female,52,3,2,Healthcare Representative,3,Married,4148,12250,1,Y,No,12,3,4,80,1,15,5,3,14,11,2,9
700,38.0,No,Travel_Rarely,1343.0,Research & Development,27.0,1,Medical,1,856,3,Female,53,2,1,Research Scientist,1,Single,2559,17852,1,Y,No,11,3,4,80,0,6,3,2,6,5,1,1
701,38.0,Yes,Non-Travel,1366.0,Research & Development,24.0,2,Technical Degree,1,1082,2,Male,72,2,3,Healthcare Representative,1,Single,8722,12355,1,Y,No,12,3,1,80,0,10,2,2,10,7,1,9
702,30.0,No,Non-Travel,111.0,Research & Development,9.0,3,Medical,1,239,3,Male,66,3,2,Laboratory Technician,1,Divorced,3072,11012,1,Y,No,11,3,3,80,2,12,4,3,12,9,6,10
703,38.0,No,Non-Travel,120.0,Sales,4.0,3,Medical,1,129,2,Male,43,3,2,Sales Executive,3,Married,4221,8863,1,Y,No,15,3,2,80,0,5,3,4,5,4,0,4
704,38.0,No,Travel_Rarely,883.0,Sales,26.0,1,Medical,1,781,3,Female,32,3,2,Sales Executive,4,Single,6180,22807,1,Y,No,23,4,2,80,0,6,5,2,6,5,1,4
705,43.0,No,Travel_Frequently,1422.0,Sales,2.0,4,Life Sciences,1,1849,1,Male,92,3,2,Sales Executive,4,Married,5675,19246,1,Y,No,20,4,3,80,1,7,5,3,7,7,7,7
706,27.0,Yes,Travel_Rarely,1420.0,Sales,2.0,1,Marketing,1,667,3,Male,85,3,1,Sales Representative,1,Divorced,3041,16346,0,Y,No,11,3,2,80,1,5,3,3,4,3,0,2
707,43.0,No,Travel_Rarely,782.0,Research & Development,6.0,4,Other,1,661,2,Male,50,2,4,Research Director,4,Divorced,16627,2671,4,Y,Yes,14,3,3,80,1,21,3,2,1,0,0,0
708,48.0,No,Travel_Rarely,855.0,Research & Development,4.0,3,Life Sciences,1,1363,4,Male,54,3,3,Manufacturing Director,4,Single,7898,18706,1,Y,No,11,3,3,80,0,11,2,3,10,9,0,8
709,38.0,No,Non-Travel,280.0,Human Resources,1.0,2,Life Sciences,1,1858,3,Male,43,3,1,Human Resources,4,Divorced,2706,10494,1,Y,No,15,3,2,80,1,3,2,3,3,2,2,2
710,29.0,Yes,Travel_Rarely,428.0,Sales,9.0,3,Marketing,1,1752,2,Female,52,1,1,Sales Representative,2,Single,2760,14630,1,Y,No,13,3,3,80,0,2,3,3,2,2,2,2
711,41.0,Yes,Travel_Frequently,143.0,Sales,4.0,3,Marketing,1,488,1,Male,56,3,2,Sales Executive,2,Single,9355,9558,1,Y,No,18,3,3,80,0,8,5,3,8,7,7,7
712,36.0,No,Travel_Rarely,429.0,Research & Development,2.0,4,Life Sciences,1,1294,3,Female,53,3,2,Manufacturing Director,2,Single,5410,2323,9,Y,Yes,11,3,4,80,0,18,2,3,16,14,5,12
713,38.0,Yes,Travel_Frequently,599.0,Sales,24.0,1,Life Sciences,1,1273,3,Male,73,1,1,Sales Representative,4,Single,1118,8040,1,Y,Yes,14,3,4,80,0,1,4,3,1,0,1,0
714,27.0,No,Non-Travel,691.0,Research & Development,9.0,3,Medical,1,218,4,Male,57,3,1,Research Scientist,2,Divorced,2024,5970,6,Y,No,18,3,4,80,1,6,1,1,2,2,2,2
715,40.0,No,Travel_Frequently,530.0,Research & Development,1.0,4,Life Sciences,1,119,3,Male,78,2,4,Healthcare Representative,2,Married,13503,14115,1,Y,No,22,4,4,80,1,22,3,2,22,3,11,11
716,41.0,No,Travel_Rarely,642.0,Research & Development,1.0,3,Life Sciences,1,1999,4,Male,76,3,1,Research Scientist,4,Married,2782,21412,3,Y,No,22,4,1,80,1,12,3,3,5,3,1,0
717,24.0,No,Travel_Rarely,1353.0,Sales,10.0,2,Other,1,128,1,Female,33,3,2,Sales Executive,3,Married,4999,17519,0,Y,No,21,4,1,80,1,4,2,2,3,2,0,2
718,46.0,No,Travel_Rarely,801.0,Sales,1.0,2,Marketing,1,244,2,Female,92,3,3,Sales Executive,1,Divorced,10453,2137,1,Y,No,25,4,3,80,3,24,2,3,24,13,15,7
719,22.0,No,Travel_Rarely,1136.0,Research & Development,10.0,3,Life Sciences,1,284,4,Male,60,4,1,Research Scientist,2,Divorced,2328,12392,1,Y,Yes,16,3,1,80,1,4,2,2,4,2,2,2
720,55.0,No,Travel_Rarely,282.0,Research & Development,2.0,2,Medical,1,1336,4,Female,58,1,5,Manager,3,Married,19187,6992,4,Y,No,14,3,4,80,1,23,5,3,19,9,9,11
721,38.0,No,Travel_Rarely,841.0,Research & Development,6.0,3,Other,1,164,3,Female,46,2,1,Research Scientist,2,Married,2368,23300,1,Y,No,19,3,3,80,0,5,3,2,5,4,4,3
722,38.0,Yes,Travel_Rarely,890.0,Research & Development,2.0,4,Medical,1,828,3,Male,46,3,1,Research Scientist,3,Single,4382,16374,6,Y,No,17,3,4,80,0,5,3,2,2,2,2,1
723,40.0,No,Non-Travel,458.0,Research & Development,16.0,2,Life Sciences,1,1340,3,Male,74,3,1,Research Scientist,3,Divorced,3544,8532,9,Y,No,16,3,2,80,1,6,0,3,4,2,0,0
724,46.0,No,Travel_Rarely,1485.0,Research & Development,18.0,3,Medical,1,550,3,Female,87,3,2,Manufacturing Director,3,Divorced,4810,26314,2,Y,No,14,3,3,80,1,19,5,2,10,7,0,8
725,51.0,No,Travel_Rarely,770.0,Human Resources,10.0,3,Life Sciences,1,1352,3,Male,84,3,4,Manager,2,Divorced,14026,17588,1,Y,Yes,11,3,2,80,1,33,2,3,33,9,0,10
726,38.0,No,Travel_Rarely,390.0,Research & Development,17.0,4,Medical,1,1718,4,Male,62,1,1,Laboratory Technician,3,Married,2305,6217,1,Y,No,15,3,3,80,3,3,3,4,3,2,0,2
727,38.0,No,Travel_Frequently,594.0,Research & Development,2.0,2,Medical,1,1760,3,Female,75,2,1,Laboratory Technician,2,Married,2468,15963,4,Y,No,14,3,2,80,1,9,4,2,6,1,0,5
728,30.0,No,Travel_Rarely,413.0,Sales,7.0,1,Marketing,1,585,4,Male,57,3,1,Sales Representative,2,Single,2983,18398,0,Y,No,14,3,1,80,0,4,3,3,3,2,1,2
729,36.0,No,Travel_Rarely,1351.0,Research & Development,26.0,4,Life Sciences,1,1682,1,Male,80,3,2,Healthcare Representative,3,Married,5347,7419,6,Y,No,14,3,2,80,2,10,2,2,3,2,0,2
730,41.0,No,Travel_Rarely,582.0,Research & Development,28.0,4,Life Sciences,1,2034,1,Female,60,2,4,Manufacturing Director,2,Married,13570,5640,0,Y,No,23,4,3,80,1,21,3,3,20,7,0,10
731,45.0,No,Travel_Rarely,1385.0,Research & Development,20.0,2,Medical,1,372,3,Male,79,3,4,Healthcare Representative,4,Married,13496,7501,0,Y,Yes,14,3,2,80,0,21,2,3,20,7,4,10
732,38.0,No,Travel_Rarely,992.0,Research & Development,1.0,3,Medical,1,1564,4,Male,68,2,1,Laboratory Technician,1,Single,2450,21731,1,Y,No,19,3,2,80,0,3,3,3,3,0,1,2
733,36.0,No,Travel_Rarely,1403.0,Research & Development,6.0,3,Life Sciences,1,373,4,Male,47,3,1,Laboratory Technician,4,Married,3210,20251,0,Y,No,11,3,3,80,1,16,4,3,15,13,10,11
734,46.0,No,Travel_Rarely,1319.0,Sales,10.0,3,Technical Degree,1,1863,1,Female,45,4,4,Sales Executive,1,Divorced,13225,7739,2,Y,No,12,3,4,80,1,25,5,3,19,17,2,8
735,21.0,Yes,Travel_Rarely,337.0,Sales,7.0,1,Marketing,1,1780,2,Male,31,3,1,Sales Representative,2,Single,2679,4567,1,Y,No,13,3,2,80,0,1,3,3,1,0,1,0
736,38.0,No,Travel_Frequently,146.0,Research & Development,2.0,4,Medical,1,1704,1,Male,79,2,1,Research Scientist,4,Single,4930,13970,0,Y,Yes,14,3,3,80,0,6,2,4,5,4,1,4
737,39.0,No,Travel_Rarely,1462.0,Sales,6.0,3,Medical,1,1588,4,Male,38,4,3,Sales Executive,3,Married,8237,4658,2,Y,No,11,3,1,80,1,11,3,3,7,6,7,6
738,56.0,Yes,Travel_Rarely,441.0,Research & Development,14.0,4,Life Sciences,1,161,2,Female,72,3,1,Research Scientist,2,Married,4963,4510,9,Y,Yes,18,3,1,80,3,7,2,3,5,4,4,3
739,38.0,Yes,Travel_Frequently,887.0,Research & Development,10.0,2,Medical,1,848,3,Female,88,2,1,Research Scientist,3,Married,2366,20898,1,Y,Yes,14,3,1,80,1,8,2,3,8,7,1,7
740,36.0,No,Travel_Frequently,1480.0,Research & Development,10.0,2,Medical,1,238,4,Male,30,3,1,Laboratory Technician,2,Single,2088,15062,4,Y,No,12,3,3,80,0,13,3,2,8,7,7,2
741,34.0,No,Travel_Rarely,181.0,Research & Development,2.0,4,Medical,1,1755,4,Male,97,4,1,Research Scientist,4,Married,2932,5586,0,Y,Yes,14,3,1,80,3,6,3,3,5,0,1,2
742,45.0,No,Non-Travel,1195.0,Research & Development,2.0,2,Medical,1,264,1,Male,65,2,4,Manager,4,Married,16792,20462,9,Y,No,23,4,4,80,1,22,1,3,20,8,11,8
743,42.0,No,Travel_Rarely,469.0,Research & Development,2.0,2,Medical,1,1109,4,Male,35,3,4,Manager,1,Married,17665,14399,0,Y,No,17,3,4,80,1,23,3,3,22,6,13,7
744,55.0,No,Travel_Rarely,1229.0,Research & Development,4.0,4,Life Sciences,1,1501,4,Male,30,3,2,Healthcare Representative,3,Married,4035,16143,0,Y,Yes,16,3,2,80,0,4,2,3,3,2,1,2
745,34.0,No,Travel_Frequently,135.0,Research & Development,19.0,3,Medical,1,1285,3,Female,46,3,2,Laboratory Technician,2,Divorced,4444,22534,4,Y,No,13,3,3,80,2,15,2,4,11,8,5,10
746,40.0,Yes,Travel_Rarely,1329.0,Research & Development,7.0,3,Life Sciences,1,1649,1,Male,73,3,1,Laboratory Technician,1,Single,2166,3339,3,Y,Yes,14,3,2,80,0,10,3,1,4,2,0,3
747,30.0,Yes,Travel_Frequently,464.0,Research & Development,4.0,3,Technical Degree,1,514,3,Male,40,3,1,Research Scientist,4,Single,2285,3427,9,Y,Yes,23,4,3,80,0,3,4,3,1,0,0,0
748,30.0,No,Non-Travel,829.0,Research & Development,1.0,1,Life Sciences,1,292,3,Male,88,2,3,Manufacturing Director,3,Single,8474,20925,1,Y,No,22,4,3,80,0,12,2,3,11,8,5,8
749,33.0,Yes,Travel_Rarely,527.0,Research & Development,1.0,4,Other,1,780,4,Male,63,3,1,Research Scientist,4,Single,2686,5207,1,Y,Yes,13,3,3,80,0,10,2,2,10,9,7,8
750,36.0,No,Non-Travel,427.0,Research & Development,8.0,3,Life Sciences,1,742,1,Female,63,4,3,Research Director,1,Married,11713,20335,9,Y,No,14,3,1,80,1,10,2,3,8,7,0,5
751,34.0,No,Travel_Frequently,878.0,Research & Development,10.0,4,Medical,1,277,4,Male,43,3,1,Research Scientist,3,Divorced,3815,5972,1,Y,Yes,17,3,4,80,1,5,4,4,5,3,2,0
752,58.0,No,Travel_Frequently,1216.0,Research & Development,15.0,4,Life Sciences,1,1837,1,Male,87,3,4,Research Director,3,Married,15787,21624,2,Y,Yes,14,3,2,80,0,23,3,3,2,2,2,2
753,52.0,No,Travel_Rarely,1325.0,Research & Development,11.0,4,Life Sciences,1,813,4,Female,82,3,2,Laboratory Technician,3,Married,3149,21821,8,Y,No,20,4,2,80,1,9,3,3,5,2,1,4
754,45.0,No,Non-Travel,336.0,Sales,26.0,3,Marketing,1,1612,1,Male,52,2,2,Sales Executive,1,Married,4385,24162,1,Y,No,15,3,1,80,1,10,2,3,10,7,4,5
755,45.0,No,Travel_Rarely,801.0,Research & Development,10.0,2,Life Sciences,1,544,1,Male,69,3,1,Research Scientist,4,Married,2654,9655,3,Y,No,21,4,4,80,2,8,3,2,2,2,0,2
756,43.0,No,Travel_Rarely,982.0,Research & Development,12.0,3,Life Sciences,1,520,1,Male,59,2,4,Research Director,2,Divorced,14336,4345,1,Y,No,11,3,3,80,1,25,3,3,25,10,3,9
757,46.0,No,Travel_Rarely,168.0,Sales,4.0,2,Marketing,1,1280,4,Female,33,2,5,Manager,2,Married,18789,9946,2,Y,No,14,3,3,80,1,26,2,3,11,4,0,8
758,52.0,Yes,Travel_Rarely,266.0,Sales,2.0,1,Marketing,1,1038,1,Female,57,1,5,Manager,4,Married,19845,25846,1,Y,No,15,3,4,80,1,33,3,3,32,14,6,9
759,38.0,No,Travel_Rarely,482.0,Research & Development,1.0,2,Life Sciences,1,1893,2,Female,90,2,1,Research Scientist,3,Married,2933,14908,1,Y,Yes,13,3,3,80,1,1,3,2,1,0,1,0
760,22.0,No,Travel_Rarely,217.0,Research & Development,8.0,1,Life Sciences,1,1019,2,Male,94,1,1,Laboratory Technician,1,Married,2451,6881,1,Y,No,15,3,1,80,1,4,3,2,4,3,1,1
761,54.0,No,Travel_Frequently,1050.0,Research & Development,11.0,4,Medical,1,1520,2,Female,87,3,4,Manager,4,Divorced,16032,24456,3,Y,No,20,4,1,80,1,26,2,3,14,9,1,12
762,29.0,Yes,Travel_Rarely,806.0,Research & Development,7.0,3,Technical Degree,1,1299,2,Female,39,3,1,Laboratory Technician,3,Divorced,3339,17285,3,Y,Yes,13,3,1,80,2,10,2,3,7,7,7,7
763,48.0,No,Travel_Rarely,277.0,Research & Development,6.0,3,Life Sciences,1,1022,1,Male,97,2,2,Healthcare Representative,3,Single,4240,13119,2,Y,No,13,3,4,80,0,19,0,3,2,2,2,2
764,42.0,No,Travel_Rarely,1128.0,Research & Development,13.0,3,Medical,1,1803,2,Male,95,4,2,Healthcare Representative,1,Married,5538,5696,5,Y,No,18,3,3,80,2,10,2,2,0,0,0,0
765,30.0,No,Travel_Rarely,317.0,Research & Development,2.0,3,Life Sciences,1,548,3,Female,43,1,2,Manufacturing Director,4,Single,6091,24793,2,Y,No,20,4,3,80,0,11,2,3,5,4,0,2
766,29.0,Yes,Travel_Rarely,350.0,Human Resources,13.0,3,Human Resources,1,1844,1,Male,56,2,1,Human Resources,1,Divorced,2335,3157,4,Y,Yes,15,3,4,80,3,4,3,3,2,2,2,0
767,32.0,Yes,Non-Travel,1474.0,Sales,11.0,4,Other,1,631,4,Male,60,4,2,Sales Executive,3,Married,4707,23914,8,Y,No,12,3,4,80,0,6,2,3,4,2,1,2
768,30.0,No,Travel_Rarely,853.0,Research & Development,7.0,4,Life Sciences,1,1224,3,Male,49,3,2,Laboratory Technician,3,Divorced,3491,11309,1,Y,No,13,3,1,80,3,10,4,2,10,7,8,9
769,34.0,No,Travel_Rarely,216.0,Sales,1.0,4,Marketing,1,1047,2,Male,75,4,2,Sales Executive,4,Divorced,9725,12278,0,Y,No,11,3,4,80,1,16,2,2,15,1,0,9
770,38.0,No,Travel_Frequently,1394.0,Research & Development,8.0,3,Medical,1,1937,4,Female,58,2,2,Research Scientist,2,Divorced,2133,18115,1,Y,Yes,16,3,3,80,1,20,3,3,20,11,0,7
